datetime,Total_Demand_MW,Wind_MW,Solar_MW,Nuclear_MW,Fossil_MW
2024-01-01 00:00:00,2495.25,455.87,0.0,165.12,1874.26
2024-01-01 01:00:00,2543.81,464.5,34.05,165.51,1879.74
2024-01-01 02:00:00,2606.17,656.97,0.0,170.75,1778.46
2024-01-01 03:00:00,2662.08,707.16,0.0,165.87,1789.05
2024-01-01 04:00:00,2597.5,711.28,24.7,168.1,1693.41
2024-01-01 05:00:00,2672.64,574.65,16.47,169.44,1912.08
2024-01-01 06:00:00,2632.86,686.33,0.0,165.89,1780.64
2024-01-01 07:00:00,2588.14,684.97,42.91,177.36,1682.91
2024-01-01 08:00:00,2710.27,687.31,96.78,161.71,1764.48
2024-01-01 09:00:00,2647.14,727.65,77.81,173.74,1667.94
2024-01-01 10:00:00,2643.85,703.88,189.28,168.27,1582.42
2024-01-01 11:00:00,2471.76,591.01,214.99,173.66,1492.09
2024-01-01 12:00:00,2385.66,563.1,211.19,169.35,1442.02
2024-01-01 13:00:00,2377.83,538.19,213.86,172.23,1453.56
2024-01-01 14:00:00,2330.47,536.99,194.25,166.05,1433.18
2024-01-01 15:00:00,2350.83,417.34,129.91,178.3,1625.28
2024-01-01 16:00:00,2182.21,324.58,83.86,160.7,1613.07
2024-01-01 17:00:00,2294.66,395.25,48.27,174.06,1677.08
2024-01-01 18:00:00,2228.41,427.21,1.18,167.11,1632.91
2024-01-01 19:00:00,2274.83,339.42,8.84,173.01,1753.57
2024-01-01 20:00:00,2173.91,460.99,2.73,162.37,1547.83
2024-01-01 21:00:00,2399.38,407.85,3.96,179.39,1808.18
2024-01-01 22:00:00,2281.87,399.61,5.23,166.5,1710.54
2024-01-01 23:00:00,2466.15,348.35,0.0,166.33,1951.47
2024-01-02 00:00:00,2610.83,477.85,1.93,174.01,1957.03
2024-01-02 01:00:00,2550.57,538.66,0.0,170.82,1841.09
2024-01-02 02:00:00,2720.2,637.65,14.35,170.93,1897.26
2024-01-02 03:00:00,2773.38,695.42,2.27,165.72,1909.97
2024-01-02 04:00:00,2781.97,680.27,3.72,172.05,1925.92
2024-01-02 05:00:00,2747.39,652.15,0.46,167.44,1927.34
2024-01-02 06:00:00,2823.3,678.83,0.0,167.81,1976.66
2024-01-02 07:00:00,2893.42,683.75,21.18,173.84,2014.65
2024-01-02 08:00:00,2746.29,616.46,99.19,175.93,1854.73
2024-01-02 09:00:00,2752.46,521.02,164.77,176.01,1890.67
2024-01-02 10:00:00,2637.38,565.75,175.03,168.15,1728.45
2024-01-02 11:00:00,2692.08,551.72,187.99,173.61,1778.76
2024-01-02 12:00:00,2518.4,474.22,177.04,172.85,1694.29
2024-01-02 13:00:00,2554.15,521.74,200.07,161.4,1670.95
2024-01-02 14:00:00,2489.0,529.64,201.24,177.76,1580.37
2024-01-02 15:00:00,2401.14,521.53,140.02,173.01,1566.59
2024-01-02 16:00:00,2369.47,595.13,150.75,170.17,1453.42
2024-01-02 17:00:00,2392.82,391.88,53.92,177.41,1769.61
2024-01-02 18:00:00,2340.53,357.2,0.0,174.48,1808.86
2024-01-02 19:00:00,2348.84,366.01,10.07,165.66,1807.11
2024-01-02 20:00:00,2322.16,430.74,0.0,173.57,1717.84
2024-01-02 21:00:00,2405.76,468.93,0.0,170.43,1766.4
2024-01-02 22:00:00,2517.22,445.81,1.76,169.09,1900.55
2024-01-02 23:00:00,2541.89,396.59,35.92,171.4,1937.98
2024-01-03 00:00:00,2653.51,631.7,0.0,168.22,1853.59
2024-01-03 01:00:00,2643.27,650.51,14.73,167.26,1810.76
2024-01-03 02:00:00,2745.04,652.46,10.71,165.71,1916.16
2024-01-03 03:00:00,2757.22,720.08,0.0,166.69,1870.46
2024-01-03 04:00:00,2788.38,719.47,14.83,169.18,1884.89
2024-01-03 05:00:00,2811.98,657.32,0.0,180.02,1974.64
2024-01-03 06:00:00,2747.43,703.81,8.89,170.6,1864.13
2024-01-03 07:00:00,2742.36,637.6,58.27,181.35,1865.13
2024-01-03 08:00:00,2794.85,611.19,77.04,172.17,1934.46
2024-01-03 09:00:00,2727.59,619.3,154.29,164.63,1789.37
2024-01-03 10:00:00,2663.49,671.59,158.54,161.66,1671.7
2024-01-03 11:00:00,2656.43,543.13,164.84,178.43,1770.03
2024-01-03 12:00:00,2617.84,535.19,215.75,160.18,1706.72
2024-01-03 13:00:00,2601.54,428.7,170.57,176.11,1826.16
2024-01-03 14:00:00,2505.91,489.35,183.18,170.67,1662.72
2024-01-03 15:00:00,2496.71,465.18,155.94,178.23,1697.35
2024-01-03 16:00:00,2484.24,303.76,73.59,173.98,1932.91
2024-01-03 17:00:00,2430.56,415.35,22.1,164.37,1828.73
2024-01-03 18:00:00,2329.47,332.8,24.0,179.98,1792.7
2024-01-03 19:00:00,2428.88,341.98,16.5,169.47,1900.92
2024-01-03 20:00:00,2424.64,474.47,35.6,173.27,1741.29
2024-01-03 21:00:00,2395.67,331.49,30.56,168.75,1864.87
2024-01-03 22:00:00,2574.35,460.93,12.89,161.17,1939.37
2024-01-03 23:00:00,2628.59,397.64,16.81,172.06,2042.07
2024-01-04 00:00:00,2518.01,551.96,0.0,172.37,1793.68
2024-01-04 01:00:00,2591.34,560.46,0.0,178.47,1852.41
2024-01-04 02:00:00,2619.97,608.8,0.0,175.77,1835.4
2024-01-04 03:00:00,2652.66,694.99,30.4,167.84,1759.43
2024-01-04 04:00:00,2606.39,623.18,12.36,174.14,1796.71
2024-01-04 05:00:00,2657.06,637.92,0.0,166.33,1852.81
2024-01-04 06:00:00,2693.67,851.08,61.99,176.42,1604.17
2024-01-04 07:00:00,2712.69,631.88,41.05,175.68,1864.08
2024-01-04 08:00:00,2751.74,656.96,90.46,172.05,1832.27
2024-01-04 09:00:00,2679.48,681.76,164.25,169.45,1664.01
2024-01-04 10:00:00,2627.62,658.77,176.63,165.67,1626.55
2024-01-04 11:00:00,2575.62,754.35,191.85,171.63,1457.79
2024-01-04 12:00:00,2615.17,610.53,195.99,174.4,1634.26
2024-01-04 13:00:00,2464.93,484.32,216.1,160.64,1603.87
2024-01-04 14:00:00,2535.18,475.71,139.73,168.43,1751.3
2024-01-04 15:00:00,2440.09,408.3,170.82,175.23,1685.74
2024-01-04 16:00:00,2341.28,341.19,77.4,173.06,1749.62
2024-01-04 17:00:00,2356.67,467.56,36.5,167.97,1684.63
2024-01-04 18:00:00,2338.88,381.21,7.59,168.39,1781.69
2024-01-04 19:00:00,2328.42,411.51,18.47,168.26,1730.18
2024-01-04 20:00:00,2381.72,474.11,0.0,167.3,1740.32
2024-01-04 21:00:00,2322.13,453.85,0.0,172.04,1696.24
2024-01-04 22:00:00,2341.06,509.25,18.86,161.36,1651.59
2024-01-04 23:00:00,2453.44,537.39,2.64,171.26,1742.16
2024-01-05 00:00:00,2302.25,493.8,13.79,169.72,1624.93
2024-01-05 01:00:00,2447.17,535.89,2.05,172.86,1736.37
2024-01-05 02:00:00,2536.12,653.52,0.0,167.33,1715.28
2024-01-05 03:00:00,2593.2,628.41,0.0,173.87,1790.92
2024-01-05 04:00:00,2504.65,571.39,19.48,168.75,1745.03
2024-01-05 05:00:00,2597.92,592.22,23.61,168.32,1813.77
2024-01-05 06:00:00,2639.77,776.47,0.0,172.31,1690.99
2024-01-05 07:00:00,2602.18,685.31,44.04,163.81,1709.02
2024-01-05 08:00:00,2567.56,618.84,111.23,166.61,1670.88
2024-01-05 09:00:00,2539.62,755.51,105.46,152.77,1525.88
2024-01-05 10:00:00,2484.14,545.93,144.98,173.95,1619.28
2024-01-05 11:00:00,2404.6,494.87,204.9,168.14,1536.69
2024-01-05 12:00:00,2341.94,545.53,223.93,167.35,1405.13
2024-01-05 13:00:00,2354.81,618.93,199.53,171.26,1365.08
2024-01-05 14:00:00,2263.84,320.99,125.14,176.81,1640.9
2024-01-05 15:00:00,2266.4,387.93,90.47,170.98,1617.01
2024-01-05 16:00:00,2260.71,441.09,112.0,167.89,1539.74
2024-01-05 17:00:00,2196.59,309.58,38.45,166.92,1681.65
2024-01-05 18:00:00,2260.41,386.86,27.47,159.76,1686.32
2024-01-05 19:00:00,2189.92,500.61,0.0,169.84,1519.47
2024-01-05 20:00:00,2222.16,299.13,14.97,171.86,1736.21
2024-01-05 21:00:00,2259.11,480.25,0.0,167.12,1611.74
2024-01-05 22:00:00,2288.74,563.96,57.18,160.64,1506.95
2024-01-05 23:00:00,2309.45,606.99,33.31,170.86,1498.29
2024-01-06 00:00:00,2326.25,596.11,10.59,163.16,1556.39
2024-01-06 01:00:00,2285.32,648.38,0.0,167.89,1469.05
2024-01-06 02:00:00,2394.52,662.7,31.49,175.61,1524.71
2024-01-06 03:00:00,2523.23,557.03,0.0,171.71,1794.49
2024-01-06 04:00:00,2573.05,665.04,0.0,171.99,1736.02
2024-01-06 05:00:00,2528.86,669.29,18.48,166.75,1674.34
2024-01-06 06:00:00,2420.84,618.38,0.0,163.07,1639.39
2024-01-06 07:00:00,2566.53,691.56,51.3,175.17,1648.5
2024-01-06 08:00:00,2474.16,602.81,89.65,169.33,1612.37
2024-01-06 09:00:00,2434.77,718.35,176.28,176.83,1363.32
2024-01-06 10:00:00,2491.43,590.84,157.31,165.71,1577.57
2024-01-06 11:00:00,2342.54,681.45,169.61,162.37,1329.1
2024-01-06 12:00:00,2291.32,504.02,178.7,169.51,1439.08
2024-01-06 13:00:00,2287.6,630.47,157.46,169.93,1329.73
2024-01-06 14:00:00,2197.31,440.46,176.55,170.99,1409.3
2024-01-06 15:00:00,2123.57,460.56,98.08,161.65,1403.3
2024-01-06 16:00:00,2221.65,394.08,76.43,179.31,1571.83
2024-01-06 17:00:00,2135.16,433.91,64.43,173.7,1463.12
2024-01-06 18:00:00,2121.77,339.31,0.0,167.45,1615.01
2024-01-06 19:00:00,2073.2,293.95,0.0,167.04,1612.21
2024-01-06 20:00:00,2221.58,377.13,0.0,173.84,1670.62
2024-01-06 21:00:00,2265.0,425.55,31.93,180.72,1626.81
2024-01-06 22:00:00,2269.93,491.81,0.0,175.43,1602.69
2024-01-06 23:00:00,2257.24,439.74,34.47,171.01,1612.03
2024-01-07 00:00:00,2414.76,507.65,3.79,171.43,1731.89
2024-01-07 01:00:00,2324.68,512.84,2.02,171.07,1638.76
2024-01-07 02:00:00,2376.13,569.05,0.0,163.84,1643.25
2024-01-07 03:00:00,2406.64,659.18,24.07,167.77,1555.62
2024-01-07 04:00:00,2492.59,621.85,31.79,172.73,1666.21
2024-01-07 05:00:00,2553.06,707.6,34.23,173.86,1637.37
2024-01-07 06:00:00,2510.65,688.84,31.16,173.61,1617.04
2024-01-07 07:00:00,2630.69,730.79,48.97,169.28,1681.65
2024-01-07 08:00:00,2527.07,768.59,117.65,169.99,1470.84
2024-01-07 09:00:00,2532.87,654.11,167.6,175.24,1535.92
2024-01-07 10:00:00,2468.21,585.01,183.97,171.61,1527.62
2024-01-07 11:00:00,2492.6,528.54,171.85,170.67,1621.54
2024-01-07 12:00:00,2314.14,647.48,226.82,171.35,1268.49
2024-01-07 13:00:00,2234.53,501.23,236.35,171.85,1325.1
2024-01-07 14:00:00,2214.96,351.61,177.88,167.12,1518.35
2024-01-07 15:00:00,2219.67,481.63,167.62,178.29,1392.13
2024-01-07 16:00:00,2196.02,494.32,106.28,160.32,1435.1
2024-01-07 17:00:00,2076.57,381.79,55.27,176.31,1463.21
2024-01-07 18:00:00,2188.46,418.48,0.0,171.8,1598.17
2024-01-07 19:00:00,2088.71,407.4,31.89,173.21,1476.22
2024-01-07 20:00:00,2169.96,418.69,5.69,165.43,1580.15
2024-01-07 21:00:00,2206.19,330.81,0.0,168.75,1706.63
2024-01-07 22:00:00,2211.81,575.24,25.07,167.61,1443.88
2024-01-07 23:00:00,2365.68,477.93,15.05,171.41,1701.29
2024-01-08 00:00:00,2388.7,525.64,38.5,171.73,1652.83
2024-01-08 01:00:00,2440.16,652.31,12.96,164.62,1610.27
2024-01-08 02:00:00,2509.02,646.93,0.0,160.54,1701.56
2024-01-08 03:00:00,2578.44,626.56,0.0,172.18,1779.69
2024-01-08 04:00:00,2581.6,615.76,21.53,161.56,1782.75
2024-01-08 05:00:00,2710.6,576.49,10.37,170.58,1953.16
2024-01-08 06:00:00,2802.35,527.68,27.51,176.88,2070.28
2024-01-08 07:00:00,2640.91,700.61,48.31,168.78,1723.21
2024-01-08 08:00:00,2549.18,588.07,98.47,166.67,1695.97
2024-01-08 09:00:00,2674.93,586.16,134.64,178.96,1775.16
2024-01-08 10:00:00,2555.36,639.16,170.33,166.42,1579.45
2024-01-08 11:00:00,2560.91,585.35,219.16,173.35,1583.06
2024-01-08 12:00:00,2425.12,476.58,205.89,173.7,1568.95
2024-01-08 13:00:00,2359.41,424.74,197.26,180.85,1556.57
2024-01-08 14:00:00,2258.87,458.87,137.63,167.1,1495.27
2024-01-08 15:00:00,2196.53,414.21,163.01,170.74,1448.58
2024-01-08 16:00:00,2319.22,361.62,87.2,168.55,1701.85
2024-01-08 17:00:00,2379.57,335.66,49.32,171.69,1822.9
2024-01-08 18:00:00,2254.01,384.18,0.0,172.56,1697.27
2024-01-08 19:00:00,2252.29,287.49,0.0,173.44,1791.36
2024-01-08 20:00:00,2237.52,396.85,26.39,168.95,1645.32
2024-01-08 21:00:00,2392.05,437.62,3.83,168.59,1782.02
2024-01-08 22:00:00,2346.91,437.56,0.0,176.65,1732.69
2024-01-08 23:00:00,2547.84,461.0,0.0,170.82,1916.02
2024-01-09 00:00:00,2599.76,542.91,24.04,173.04,1859.77
2024-01-09 01:00:00,2687.09,602.16,48.26,172.54,1864.12
2024-01-09 02:00:00,2641.34,567.47,13.07,179.55,1881.24
2024-01-09 03:00:00,2734.14,599.48,1.44,172.22,1960.99
2024-01-09 04:00:00,2730.74,707.22,23.59,165.16,1834.76
2024-01-09 05:00:00,2749.21,839.81,10.04,158.06,1741.29
2024-01-09 06:00:00,2749.35,725.39,0.0,176.86,1847.1
2024-01-09 07:00:00,2735.41,515.51,77.3,174.96,1967.65
2024-01-09 08:00:00,2814.44,686.33,125.9,174.08,1828.12
2024-01-09 09:00:00,2718.64,588.68,111.0,170.25,1848.7
2024-01-09 10:00:00,2691.84,578.42,174.62,161.22,1777.58
2024-01-09 11:00:00,2673.56,657.21,189.0,171.07,1656.27
2024-01-09 12:00:00,2561.3,456.68,183.79,170.97,1749.85
2024-01-09 13:00:00,2493.44,498.77,193.83,173.18,1627.65
2024-01-09 14:00:00,2462.4,393.33,165.39,169.37,1734.31
2024-01-09 15:00:00,2402.98,474.27,126.08,173.02,1629.61
2024-01-09 16:00:00,2431.7,442.15,96.58,162.32,1730.65
2024-01-09 17:00:00,2383.0,499.78,34.37,172.22,1676.63
2024-01-09 18:00:00,2317.11,412.31,3.24,161.93,1739.63
2024-01-09 19:00:00,2454.2,443.85,0.0,174.82,1835.53
2024-01-09 20:00:00,2392.17,366.07,0.0,167.3,1858.8
2024-01-09 21:00:00,2441.07,531.6,0.0,164.98,1744.49
2024-01-09 22:00:00,2462.76,343.74,15.11,166.17,1937.75
2024-01-09 23:00:00,2538.63,535.56,0.0,168.65,1834.42
2024-01-10 00:00:00,2679.65,442.49,0.0,167.11,2070.05
2024-01-10 01:00:00,2647.76,552.93,0.0,176.0,1918.83
2024-01-10 02:00:00,2703.95,603.91,0.0,178.43,1921.62
2024-01-10 03:00:00,2673.5,563.09,0.0,163.62,1946.79
2024-01-10 04:00:00,2801.6,591.52,24.79,181.55,2003.74
2024-01-10 05:00:00,2824.88,661.94,10.88,161.11,1990.96
2024-01-10 06:00:00,2843.48,676.22,10.09,170.85,1986.32
2024-01-10 07:00:00,2888.57,691.52,64.88,167.29,1964.88
2024-01-10 08:00:00,2703.24,631.11,86.45,173.38,1812.29
2024-01-10 09:00:00,2723.81,643.67,101.88,167.69,1810.57
2024-01-10 10:00:00,2755.95,627.35,189.03,172.01,1767.56
2024-01-10 11:00:00,2644.13,474.99,217.54,165.76,1785.84
2024-01-10 12:00:00,2662.78,579.18,200.56,169.64,1713.4
2024-01-10 13:00:00,2519.64,460.82,187.04,168.24,1703.54
2024-01-10 14:00:00,2510.22,490.03,201.09,165.83,1653.28
2024-01-10 15:00:00,2526.29,414.54,115.31,175.95,1820.48
2024-01-10 16:00:00,2445.95,460.63,106.93,171.1,1707.28
2024-01-10 17:00:00,2413.7,343.65,46.08,169.46,1854.51
2024-01-10 18:00:00,2364.89,523.14,2.38,173.16,1666.2
2024-01-10 19:00:00,2442.17,395.74,0.0,169.23,1877.2
2024-01-10 20:00:00,2408.96,566.96,7.22,174.89,1659.9
2024-01-10 21:00:00,2460.05,363.87,0.3,169.14,1926.74
2024-01-10 22:00:00,2546.05,524.88,0.0,176.86,1844.31
2024-01-10 23:00:00,2604.46,596.79,7.69,165.65,1834.33
2024-01-11 00:00:00,2474.25,526.06,0.0,168.32,1779.87
2024-01-11 01:00:00,2549.64,722.35,25.12,176.33,1625.83
2024-01-11 02:00:00,2636.0,722.9,3.79,171.38,1737.94
2024-01-11 03:00:00,2706.67,606.46,15.97,166.28,1917.97
2024-01-11 04:00:00,2624.48,578.6,19.45,165.41,1861.02
2024-01-11 05:00:00,2809.57,718.94,0.0,171.01,1919.62
2024-01-11 06:00:00,2681.39,684.07,3.78,163.38,1830.16
2024-01-11 07:00:00,2706.37,743.87,21.74,162.52,1778.24
2024-01-11 08:00:00,2679.66,653.03,112.35,167.64,1746.64
2024-01-11 09:00:00,2601.74,657.54,134.63,164.5,1645.07
2024-01-11 10:00:00,2602.43,613.73,185.99,169.31,1633.39
2024-01-11 11:00:00,2595.47,639.47,172.22,181.51,1602.26
2024-01-11 12:00:00,2528.11,477.71,200.82,167.87,1681.7
2024-01-11 13:00:00,2449.57,491.25,166.29,172.26,1619.77
2024-01-11 14:00:00,2425.8,411.86,187.84,167.4,1658.7
2024-01-11 15:00:00,2423.75,379.36,132.07,173.09,1739.24
2024-01-11 16:00:00,2365.19,388.26,104.35,174.06,1698.52
2024-01-11 17:00:00,2349.61,449.75,66.15,162.32,1671.39
2024-01-11 18:00:00,2302.94,427.78,17.06,167.38,1690.72
2024-01-11 19:00:00,2269.83,370.73,0.0,171.31,1727.78
2024-01-11 20:00:00,2365.37,590.65,40.65,175.25,1558.82
2024-01-11 21:00:00,2353.87,407.77,11.48,170.89,1763.73
2024-01-11 22:00:00,2370.14,511.81,0.0,172.72,1685.62
2024-01-11 23:00:00,2496.97,450.62,9.48,180.4,1856.47
2024-01-12 00:00:00,2475.56,570.99,3.17,174.35,1727.06
2024-01-12 01:00:00,2488.52,437.88,14.46,175.24,1860.94
2024-01-12 02:00:00,2597.53,707.88,7.27,167.77,1714.61
2024-01-12 03:00:00,2491.23,624.23,0.0,173.96,1693.04
2024-01-12 04:00:00,2598.94,619.68,14.68,178.13,1786.44
2024-01-12 05:00:00,2657.15,730.67,4.48,172.05,1749.95
2024-01-12 06:00:00,2595.41,694.55,0.0,177.04,1723.82
2024-01-12 07:00:00,2556.92,715.5,63.37,174.9,1603.14
2024-01-12 08:00:00,2575.25,587.1,118.56,171.12,1698.47
2024-01-12 09:00:00,2632.03,677.22,146.42,178.99,1629.4
2024-01-12 10:00:00,2453.54,519.98,171.88,167.59,1594.09
2024-01-12 11:00:00,2438.9,633.79,196.99,165.52,1442.6
2024-01-12 12:00:00,2383.73,612.16,194.22,172.5,1404.85
2024-01-12 13:00:00,2422.99,581.39,186.51,163.74,1491.35
2024-01-12 14:00:00,2288.03,530.35,196.47,173.6,1387.61
2024-01-12 15:00:00,2200.53,440.58,99.91,173.24,1486.8
2024-01-12 16:00:00,2270.82,374.4,137.62,168.34,1590.46
2024-01-12 17:00:00,2182.53,320.44,73.54,177.22,1611.33
2024-01-12 18:00:00,2115.98,348.94,17.06,165.19,1584.79
2024-01-12 19:00:00,2278.85,399.64,20.15,171.9,1687.16
2024-01-12 20:00:00,2207.52,381.63,0.0,163.22,1662.67
2024-01-12 21:00:00,2222.15,411.36,22.05,165.66,1623.08
2024-01-12 22:00:00,2226.48,544.9,0.0,169.6,1511.98
2024-01-12 23:00:00,2327.52,489.31,34.05,169.95,1634.2
2024-01-13 00:00:00,2176.16,504.4,21.85,172.5,1477.4
2024-01-13 01:00:00,2308.26,545.04,26.61,167.12,1569.49
2024-01-13 02:00:00,2341.93,626.99,0.0,165.33,1549.6
2024-01-13 03:00:00,2538.79,708.99,3.4,175.87,1650.53
2024-01-13 04:00:00,2453.26,640.35,0.0,174.06,1638.84
2024-01-13 05:00:00,2455.41,706.45,0.0,169.27,1579.69
2024-01-13 06:00:00,2505.94,705.7,0.0,170.62,1629.62
2024-01-13 07:00:00,2529.81,564.08,44.1,169.63,1752.0
2024-01-13 08:00:00,2504.77,581.13,97.22,176.4,1650.01
2024-01-13 09:00:00,2502.34,620.0,137.34,173.84,1571.16
2024-01-13 10:00:00,2393.87,666.85,171.03,171.51,1384.48
2024-01-13 11:00:00,2433.1,533.13,214.02,173.07,1512.89
2024-01-13 12:00:00,2308.39,452.7,218.74,165.11,1471.84
2024-01-13 13:00:00,2195.02,618.47,144.36,166.98,1265.21
2024-01-13 14:00:00,2237.1,497.23,197.1,170.22,1372.54
2024-01-13 15:00:00,2142.48,422.64,157.82,176.21,1385.81
2024-01-13 16:00:00,2196.25,391.49,76.86,170.91,1556.99
2024-01-13 17:00:00,2171.14,417.7,73.63,164.88,1514.93
2024-01-13 18:00:00,2015.85,373.27,0.0,171.85,1470.72
2024-01-13 19:00:00,2088.34,430.4,20.0,157.57,1480.37
2024-01-13 20:00:00,2165.51,445.74,0.0,168.77,1551.0
2024-01-13 21:00:00,2179.04,443.41,0.0,174.2,1561.44
2024-01-13 22:00:00,2196.72,465.31,24.58,172.33,1534.5
2024-01-13 23:00:00,2186.65,557.25,4.87,171.25,1453.28
2024-01-14 00:00:00,2316.92,540.58,0.0,166.52,1609.82
2024-01-14 01:00:00,2323.98,525.48,0.0,166.33,1632.17
2024-01-14 02:00:00,2520.83,623.71,1.58,175.47,1720.06
2024-01-14 03:00:00,2468.88,661.87,0.0,175.56,1631.45
2024-01-14 04:00:00,2571.16,636.22,0.0,170.88,1764.06
2024-01-14 05:00:00,2566.52,720.49,33.19,171.04,1641.8
2024-01-14 06:00:00,2533.39,748.64,6.86,164.75,1613.14
2024-01-14 07:00:00,2568.65,590.87,62.04,160.07,1755.66
2024-01-14 08:00:00,2444.58,675.14,125.67,170.68,1473.1
2024-01-14 09:00:00,2476.09,492.52,121.38,168.72,1693.47
2024-01-14 10:00:00,2456.32,661.97,177.39,170.75,1446.2
2024-01-14 11:00:00,2489.46,546.12,202.73,164.99,1575.62
2024-01-14 12:00:00,2343.76,601.42,200.51,163.84,1377.98
2024-01-14 13:00:00,2307.51,519.74,183.9,171.03,1432.83
2024-01-14 14:00:00,2215.37,484.66,217.97,170.48,1342.25
2024-01-14 15:00:00,2170.92,372.52,139.37,170.97,1488.06
2024-01-14 16:00:00,2056.37,281.24,94.88,173.21,1507.04
2024-01-14 17:00:00,2139.19,424.4,34.78,166.1,1513.91
2024-01-14 18:00:00,2155.3,339.49,21.64,168.22,1625.95
2024-01-14 19:00:00,2199.82,416.36,0.0,169.47,1613.99
2024-01-14 20:00:00,2164.2,459.98,8.17,171.55,1524.5
2024-01-14 21:00:00,2221.68,400.82,0.0,173.58,1647.29
2024-01-14 22:00:00,2210.52,498.58,13.63,167.42,1530.89
2024-01-14 23:00:00,2276.54,508.07,20.76,171.98,1575.72
2024-01-15 00:00:00,2444.23,424.74,0.79,173.47,1845.24
2024-01-15 01:00:00,2535.94,447.72,3.54,171.19,1913.49
2024-01-15 02:00:00,2571.71,629.67,9.94,176.37,1755.73
2024-01-15 03:00:00,2601.9,584.42,35.7,164.31,1817.47
2024-01-15 04:00:00,2634.63,722.93,0.0,168.05,1743.65
2024-01-15 05:00:00,2716.11,704.38,0.0,161.64,1850.1
2024-01-15 06:00:00,2594.01,624.97,0.0,168.37,1800.68
2024-01-15 07:00:00,2642.38,710.7,42.11,164.3,1725.26
2024-01-15 08:00:00,2642.23,619.29,108.74,166.69,1747.51
2024-01-15 09:00:00,2545.23,612.95,159.82,171.69,1600.76
2024-01-15 10:00:00,2536.06,642.34,169.2,178.7,1545.82
2024-01-15 11:00:00,2498.56,515.82,181.37,167.41,1633.95
2024-01-15 12:00:00,2436.89,644.78,187.64,168.7,1435.77
2024-01-15 13:00:00,2372.6,463.16,181.79,169.98,1557.67
2024-01-15 14:00:00,2437.68,511.78,142.09,171.04,1612.77
2024-01-15 15:00:00,2269.31,482.1,155.31,178.8,1453.09
2024-01-15 16:00:00,2283.39,431.66,108.21,170.03,1573.49
2024-01-15 17:00:00,2239.95,458.41,34.38,169.24,1577.92
2024-01-15 18:00:00,2296.41,416.09,0.0,176.79,1703.53
2024-01-15 19:00:00,2224.88,345.17,11.97,166.47,1701.26
2024-01-15 20:00:00,2328.7,391.49,1.9,163.41,1771.89
2024-01-15 21:00:00,2322.35,469.9,0.0,169.53,1682.92
2024-01-15 22:00:00,2355.6,609.42,0.0,167.99,1578.2
2024-01-15 23:00:00,2470.84,651.65,0.0,174.54,1644.65
2024-01-16 00:00:00,2559.59,448.47,31.08,163.18,1916.86
2024-01-16 01:00:00,2686.54,507.57,20.15,175.76,1983.06
2024-01-16 02:00:00,2722.32,574.75,28.5,172.32,1946.74
2024-01-16 03:00:00,2820.67,687.54,0.0,176.66,1956.47
2024-01-16 04:00:00,2683.04,694.85,42.74,171.87,1773.59
2024-01-16 05:00:00,2773.58,778.28,15.46,170.29,1809.54
2024-01-16 06:00:00,2840.5,757.77,0.0,160.95,1921.78
2024-01-16 07:00:00,2685.78,735.28,57.63,174.01,1718.86
2024-01-16 08:00:00,2721.24,649.53,73.58,166.31,1831.81
2024-01-16 09:00:00,2635.79,799.37,123.0,172.0,1541.42
2024-01-16 10:00:00,2722.51,697.82,165.96,173.08,1685.64
2024-01-16 11:00:00,2525.61,550.37,162.29,172.96,1639.99
2024-01-16 12:00:00,2529.86,550.91,176.58,170.24,1632.13
2024-01-16 13:00:00,2623.39,367.23,175.11,171.02,1910.02
2024-01-16 14:00:00,2466.75,476.16,204.78,173.5,1612.31
2024-01-16 15:00:00,2478.43,380.32,120.91,170.69,1806.5
2024-01-16 16:00:00,2383.48,368.62,106.3,163.73,1744.84
2024-01-16 17:00:00,2325.64,454.54,68.42,166.06,1636.63
2024-01-16 18:00:00,2354.06,380.65,0.0,178.11,1795.3
2024-01-16 19:00:00,2411.5,514.71,0.0,181.78,1715.02
2024-01-16 20:00:00,2465.72,426.35,20.41,174.17,1844.79
2024-01-16 21:00:00,2383.32,505.36,8.08,167.57,1702.31
2024-01-16 22:00:00,2515.96,431.05,10.92,167.52,1906.46
2024-01-16 23:00:00,2552.35,544.4,11.49,176.16,1820.29
2024-01-17 00:00:00,2572.13,484.09,21.91,163.02,1903.11
2024-01-17 01:00:00,2671.82,604.77,13.02,164.95,1889.07
2024-01-17 02:00:00,2661.44,533.84,3.39,177.6,1946.61
2024-01-17 03:00:00,2829.13,687.43,31.08,169.38,1941.23
2024-01-17 04:00:00,2754.83,669.06,2.36,170.9,1912.51
2024-01-17 05:00:00,2752.41,678.22,7.77,174.02,1892.39
2024-01-17 06:00:00,2824.77,718.48,2.94,173.65,1929.69
2024-01-17 07:00:00,2861.73,699.96,72.27,170.65,1918.85
2024-01-17 08:00:00,2823.28,656.3,82.27,166.77,1917.94
2024-01-17 09:00:00,2745.45,648.58,120.6,172.51,1803.76
2024-01-17 10:00:00,2674.1,649.59,140.47,169.9,1714.14
2024-01-17 11:00:00,2634.85,537.65,183.73,164.48,1749.0
2024-01-17 12:00:00,2622.59,459.16,222.46,165.13,1775.84
2024-01-17 13:00:00,2577.32,518.97,212.74,166.67,1678.94
2024-01-17 14:00:00,2411.4,455.52,191.48,169.78,1594.63
2024-01-17 15:00:00,2546.68,390.58,128.76,168.72,1858.61
2024-01-17 16:00:00,2422.32,524.79,86.64,158.65,1652.25
2024-01-17 17:00:00,2422.15,354.4,49.85,175.37,1842.53
2024-01-17 18:00:00,2375.8,410.5,0.0,173.61,1791.69
2024-01-17 19:00:00,2384.33,447.88,8.63,170.99,1756.84
2024-01-17 20:00:00,2290.73,489.17,0.0,163.53,1638.03
2024-01-17 21:00:00,2467.54,530.67,11.59,156.28,1769.0
2024-01-17 22:00:00,2507.54,371.78,0.0,174.59,1961.17
2024-01-17 23:00:00,2509.26,544.75,0.0,176.35,1788.16
2024-01-18 00:00:00,2547.23,629.92,0.0,175.47,1741.84
2024-01-18 01:00:00,2421.62,523.73,0.0,171.28,1726.62
2024-01-18 02:00:00,2551.07,464.15,10.73,171.62,1904.56
2024-01-18 03:00:00,2661.25,680.11,0.0,173.63,1807.51
2024-01-18 04:00:00,2658.69,660.8,0.0,171.99,1825.9
2024-01-18 05:00:00,2640.65,651.15,0.0,169.46,1820.04
2024-01-18 06:00:00,2688.17,666.35,0.0,169.14,1852.67
2024-01-18 07:00:00,2695.78,633.2,66.77,170.45,1825.36
2024-01-18 08:00:00,2638.35,618.7,99.18,174.23,1746.25
2024-01-18 09:00:00,2654.57,575.84,149.07,168.55,1761.1
2024-01-18 10:00:00,2682.34,632.25,175.3,177.17,1697.62
2024-01-18 11:00:00,2602.75,510.88,201.59,166.05,1724.22
2024-01-18 12:00:00,2518.54,572.41,188.43,162.68,1595.02
2024-01-18 13:00:00,2479.18,449.98,188.88,164.91,1675.4
2024-01-18 14:00:00,2512.91,510.25,185.65,168.1,1648.91
2024-01-18 15:00:00,2406.86,377.92,141.17,173.77,1714.0
2024-01-18 16:00:00,2402.92,359.28,123.83,169.3,1750.5
2024-01-18 17:00:00,2276.87,391.48,71.81,170.92,1642.66
2024-01-18 18:00:00,2332.29,451.87,0.0,165.9,1714.52
2024-01-18 19:00:00,2294.68,380.13,24.77,171.08,1718.7
2024-01-18 20:00:00,2362.61,259.25,21.74,175.7,1905.91
2024-01-18 21:00:00,2375.44,437.09,0.52,166.96,1770.86
2024-01-18 22:00:00,2469.34,440.69,0.0,171.23,1857.41
2024-01-18 23:00:00,2487.75,441.95,0.0,175.17,1870.63
2024-01-19 00:00:00,2432.51,573.02,0.0,174.33,1685.16
2024-01-19 01:00:00,2434.4,655.68,17.13,173.76,1587.83
2024-01-19 02:00:00,2554.22,600.34,13.89,174.6,1765.38
2024-01-19 03:00:00,2601.18,673.06,33.2,170.59,1724.33
2024-01-19 04:00:00,2532.0,658.57,0.0,161.98,1711.46
2024-01-19 05:00:00,2579.06,778.9,19.92,170.27,1609.97
2024-01-19 06:00:00,2585.01,651.15,0.0,176.1,1757.77
2024-01-19 07:00:00,2524.18,668.23,45.02,179.1,1631.83
2024-01-19 08:00:00,2680.24,599.46,99.22,169.15,1812.42
2024-01-19 09:00:00,2486.41,682.08,186.77,171.67,1445.89
2024-01-19 10:00:00,2509.34,515.54,158.6,170.67,1664.52
2024-01-19 11:00:00,2581.5,619.54,208.69,169.17,1584.1
2024-01-19 12:00:00,2413.74,608.05,193.53,166.24,1445.92
2024-01-19 13:00:00,2389.98,451.38,225.6,179.87,1533.12
2024-01-19 14:00:00,2219.58,437.43,117.89,171.58,1492.67
2024-01-19 15:00:00,2212.71,383.51,109.15,170.39,1549.67
2024-01-19 16:00:00,2253.71,352.9,146.14,179.01,1575.67
2024-01-19 17:00:00,2188.84,538.44,50.9,160.26,1439.24
2024-01-19 18:00:00,2205.53,394.39,9.99,170.52,1630.63
2024-01-19 19:00:00,2077.37,371.76,0.0,170.75,1534.86
2024-01-19 20:00:00,2217.54,451.66,0.0,178.69,1587.19
2024-01-19 21:00:00,2219.02,373.2,0.0,164.8,1681.02
2024-01-19 22:00:00,2377.59,473.1,0.0,172.93,1731.56
2024-01-19 23:00:00,2336.99,467.42,36.26,166.6,1666.71
2024-01-20 00:00:00,2169.36,598.5,3.52,171.1,1396.23
2024-01-20 01:00:00,2336.08,494.63,32.79,169.82,1638.84
2024-01-20 02:00:00,2353.11,706.75,0.0,180.39,1465.98
2024-01-20 03:00:00,2515.24,614.49,29.49,167.48,1703.78
2024-01-20 04:00:00,2499.69,688.59,0.0,179.43,1631.66
2024-01-20 05:00:00,2534.1,597.14,11.56,173.8,1751.6
2024-01-20 06:00:00,2529.6,650.58,10.91,165.43,1702.68
2024-01-20 07:00:00,2436.85,695.36,56.72,172.65,1512.12
2024-01-20 08:00:00,2458.39,698.09,67.05,163.67,1529.58
2024-01-20 09:00:00,2442.61,774.92,143.19,174.39,1350.1
2024-01-20 10:00:00,2456.18,703.96,154.71,170.18,1427.33
2024-01-20 11:00:00,2361.58,503.87,192.32,174.09,1491.28
2024-01-20 12:00:00,2284.0,549.96,231.41,165.36,1337.27
2024-01-20 13:00:00,2244.86,509.55,158.5,170.04,1406.76
2024-01-20 14:00:00,2200.09,565.21,207.31,168.49,1259.09
2024-01-20 15:00:00,2202.89,307.23,165.96,167.02,1562.68
2024-01-20 16:00:00,2145.02,314.42,82.66,168.28,1579.65
2024-01-20 17:00:00,2148.87,359.51,71.57,169.82,1547.97
2024-01-20 18:00:00,2139.41,379.89,30.4,163.82,1565.31
2024-01-20 19:00:00,2130.07,439.88,28.38,173.0,1488.81
2024-01-20 20:00:00,2040.09,481.14,31.78,175.0,1352.17
2024-01-20 21:00:00,2187.0,399.17,1.12,168.14,1618.57
2024-01-20 22:00:00,2268.02,630.71,7.39,168.75,1461.17
2024-01-20 23:00:00,2177.71,542.61,24.93,164.3,1445.86
2024-01-21 00:00:00,2259.37,463.62,2.19,168.67,1624.89
2024-01-21 01:00:00,2416.33,702.75,0.0,162.6,1550.99
2024-01-21 02:00:00,2373.34,683.06,49.61,163.44,1477.23
2024-01-21 03:00:00,2513.93,650.76,15.93,169.29,1677.95
2024-01-21 04:00:00,2564.26,773.92,0.0,158.85,1631.49
2024-01-21 05:00:00,2572.68,740.89,4.77,175.93,1651.09
2024-01-21 06:00:00,2497.03,648.79,0.0,164.72,1683.51
2024-01-21 07:00:00,2531.34,589.41,60.77,171.5,1709.65
2024-01-21 08:00:00,2473.78,597.09,85.51,163.7,1627.48
2024-01-21 09:00:00,2529.33,652.26,133.39,168.26,1575.43
2024-01-21 10:00:00,2338.05,687.16,196.56,168.54,1285.8
2024-01-21 11:00:00,2417.35,603.68,204.39,176.78,1432.5
2024-01-21 12:00:00,2291.67,542.58,150.67,174.82,1423.61
2024-01-21 13:00:00,2202.92,504.99,220.99,172.89,1304.05
2024-01-21 14:00:00,2043.92,616.53,175.16,169.29,1082.95
2024-01-21 15:00:00,2190.52,396.98,139.04,175.18,1479.33
2024-01-21 16:00:00,2159.45,473.83,84.79,169.17,1431.66
2024-01-21 17:00:00,2127.6,395.96,53.41,170.99,1507.23
2024-01-21 18:00:00,2156.24,450.3,18.77,171.43,1515.74
2024-01-21 19:00:00,2118.91,504.27,15.57,172.48,1426.59
2024-01-21 20:00:00,2212.71,291.31,0.0,174.66,1746.74
2024-01-21 21:00:00,2249.45,433.74,0.0,159.03,1656.68
2024-01-21 22:00:00,2272.03,485.57,16.01,167.86,1602.59
2024-01-21 23:00:00,2381.16,487.95,0.0,168.3,1724.91
2024-01-22 00:00:00,2477.63,569.21,0.0,178.98,1729.43
2024-01-22 01:00:00,2466.19,500.6,0.91,175.71,1788.98
2024-01-22 02:00:00,2641.19,645.06,0.0,174.21,1821.92
2024-01-22 03:00:00,2486.98,707.51,0.0,165.2,1614.27
2024-01-22 04:00:00,2592.08,615.67,13.84,169.19,1793.38
2024-01-22 05:00:00,2643.0,632.97,30.77,172.24,1807.01
2024-01-22 06:00:00,2758.85,737.64,22.36,167.05,1831.8
2024-01-22 07:00:00,2643.97,688.28,104.71,161.73,1689.25
2024-01-22 08:00:00,2639.28,796.1,117.91,164.15,1561.12
2024-01-22 09:00:00,2572.35,592.72,118.97,165.74,1694.93
2024-01-22 10:00:00,2523.38,633.04,196.02,161.98,1532.33
2024-01-22 11:00:00,2524.15,568.93,193.39,170.7,1591.13
2024-01-22 12:00:00,2501.49,541.56,169.16,170.25,1620.53
2024-01-22 13:00:00,2351.98,516.58,196.43,176.09,1462.88
2024-01-22 14:00:00,2306.09,470.03,187.94,174.79,1473.33
2024-01-22 15:00:00,2289.9,540.91,130.34,172.96,1445.69
2024-01-22 16:00:00,2290.67,304.21,126.65,169.4,1690.4
2024-01-22 17:00:00,2257.07,351.06,44.68,166.14,1695.2
2024-01-22 18:00:00,2256.31,388.56,13.27,163.51,1690.97
2024-01-22 19:00:00,2262.1,304.1,0.0,168.73,1789.26
2024-01-22 20:00:00,2233.59,321.37,0.35,176.05,1735.82
2024-01-22 21:00:00,2367.13,358.99,0.0,159.42,1848.72
2024-01-22 22:00:00,2373.8,346.39,29.02,166.82,1831.57
2024-01-22 23:00:00,2393.02,542.07,30.19,172.45,1648.3
2024-01-23 00:00:00,2543.84,556.02,0.0,168.24,1819.58
2024-01-23 01:00:00,2652.28,578.94,11.04,171.55,1890.75
2024-01-23 02:00:00,2730.93,564.2,0.0,167.37,1999.36
2024-01-23 03:00:00,2698.73,713.54,0.0,171.08,1814.11
2024-01-23 04:00:00,2777.8,673.24,0.0,166.82,1937.74
2024-01-23 05:00:00,2795.25,713.73,29.33,164.59,1887.6
2024-01-23 06:00:00,2853.87,742.17,20.09,164.72,1926.89
2024-01-23 07:00:00,2806.74,647.93,71.51,161.15,1926.14
2024-01-23 08:00:00,2723.99,672.56,102.24,181.71,1767.48
2024-01-23 09:00:00,2701.95,655.13,136.4,167.94,1742.48
2024-01-23 10:00:00,2650.09,621.96,175.62,178.7,1673.8
2024-01-23 11:00:00,2612.78,646.84,230.17,172.36,1563.4
2024-01-23 12:00:00,2635.46,613.38,172.18,175.24,1674.67
2024-01-23 13:00:00,2334.4,620.79,197.29,168.64,1347.68
2024-01-23 14:00:00,2469.95,381.2,199.76,171.28,1717.7
2024-01-23 15:00:00,2364.83,421.7,166.67,170.67,1605.79
2024-01-23 16:00:00,2410.9,271.4,114.49,164.83,1860.19
2024-01-23 17:00:00,2351.37,393.78,52.44,173.81,1731.34
2024-01-23 18:00:00,2317.94,384.88,0.0,173.85,1759.21
2024-01-23 19:00:00,2330.56,503.96,0.0,170.84,1655.76
2024-01-23 20:00:00,2427.46,409.03,9.8,167.68,1840.95
2024-01-23 21:00:00,2475.0,515.39,30.48,179.73,1749.4
2024-01-23 22:00:00,2491.46,518.07,20.06,166.08,1787.25
2024-01-23 23:00:00,2524.32,470.2,46.02,172.46,1835.64
2024-01-24 00:00:00,2640.74,525.81,0.0,169.9,1945.03
2024-01-24 01:00:00,2645.05,583.85,0.0,170.4,1890.8
2024-01-24 02:00:00,2812.54,537.26,6.07,173.71,2095.51
2024-01-24 03:00:00,2764.94,676.72,0.0,171.95,1916.28
2024-01-24 04:00:00,2806.35,669.8,0.0,165.42,1971.14
2024-01-24 05:00:00,2742.04,725.29,0.0,171.97,1844.78
2024-01-24 06:00:00,2791.5,714.36,8.86,170.62,1897.66
2024-01-24 07:00:00,2830.53,675.61,6.38,175.96,1972.58
2024-01-24 08:00:00,2766.47,687.46,75.08,174.31,1829.61
2024-01-24 09:00:00,2792.17,661.1,130.72,172.77,1827.58
2024-01-24 10:00:00,2766.46,601.31,191.49,166.21,1807.46
2024-01-24 11:00:00,2577.74,507.04,178.49,171.89,1720.32
2024-01-24 12:00:00,2545.88,550.32,199.79,168.05,1627.72
2024-01-24 13:00:00,2532.4,420.44,206.29,167.4,1738.27
2024-01-24 14:00:00,2508.57,487.92,180.64,170.51,1669.5
2024-01-24 15:00:00,2511.28,453.83,139.28,178.45,1739.72
2024-01-24 16:00:00,2396.79,483.55,118.55,166.95,1627.74
2024-01-24 17:00:00,2395.49,452.74,56.38,168.18,1718.19
2024-01-24 18:00:00,2337.59,410.72,0.9,165.16,1760.8
2024-01-24 19:00:00,2393.57,433.55,21.6,171.34,1767.08
2024-01-24 20:00:00,2458.76,507.63,0.0,165.97,1785.16
2024-01-24 21:00:00,2302.66,314.64,0.0,169.24,1818.78
2024-01-24 22:00:00,2468.81,504.7,0.0,162.95,1801.16
2024-01-24 23:00:00,2556.39,369.04,20.16,164.81,2002.38
2024-01-25 00:00:00,2448.6,612.57,0.0,167.96,1668.08
2024-01-25 01:00:00,2686.51,460.28,17.92,169.75,2038.56
2024-01-25 02:00:00,2612.4,670.22,0.0,158.16,1784.02
2024-01-25 03:00:00,2618.39,543.28,0.0,176.76,1898.36
2024-01-25 04:00:00,2778.3,645.1,0.0,173.88,1959.32
2024-01-25 05:00:00,2639.99,675.5,0.0,164.24,1800.25
2024-01-25 06:00:00,2699.82,619.14,0.0,164.41,1916.27
2024-01-25 07:00:00,2762.91,569.8,43.18,170.98,1978.94
2024-01-25 08:00:00,2790.04,647.45,100.8,168.03,1873.76
2024-01-25 09:00:00,2699.52,653.89,127.95,180.47,1737.22
2024-01-25 10:00:00,2617.72,662.52,152.9,179.57,1622.73
2024-01-25 11:00:00,2589.48,536.98,195.42,172.81,1684.27
2024-01-25 12:00:00,2587.13,500.37,198.07,168.18,1720.52
2024-01-25 13:00:00,2449.15,470.07,200.63,168.54,1609.91
2024-01-25 14:00:00,2425.73,417.42,200.31,165.83,1642.17
2024-01-25 15:00:00,2353.67,425.35,131.53,175.52,1621.28
2024-01-25 16:00:00,2391.77,447.38,113.64,169.94,1660.81
2024-01-25 17:00:00,2285.76,329.57,56.94,162.79,1736.46
2024-01-25 18:00:00,2293.32,341.17,0.0,175.34,1776.81
2024-01-25 19:00:00,2297.59,357.37,28.99,164.69,1746.55
2024-01-25 20:00:00,2380.91,381.55,2.18,162.17,1835.01
2024-01-25 21:00:00,2472.93,474.61,15.27,169.59,1813.46
2024-01-25 22:00:00,2379.53,619.68,27.83,178.21,1553.81
2024-01-25 23:00:00,2372.04,396.29,26.1,163.38,1786.27
2024-01-26 00:00:00,2369.13,481.45,0.0,171.31,1716.37
2024-01-26 01:00:00,2462.42,547.02,6.87,162.73,1745.8
2024-01-26 02:00:00,2503.65,614.85,38.0,170.99,1679.81
2024-01-26 03:00:00,2542.37,664.45,0.0,173.81,1704.11
2024-01-26 04:00:00,2554.59,604.48,0.0,169.25,1780.86
2024-01-26 05:00:00,2626.78,638.02,0.0,175.38,1813.38
2024-01-26 06:00:00,2659.01,781.97,11.38,166.25,1699.41
2024-01-26 07:00:00,2548.51,718.22,66.16,166.53,1597.59
2024-01-26 08:00:00,2649.11,653.87,105.25,170.13,1719.86
2024-01-26 09:00:00,2610.64,603.11,90.85,165.14,1751.55
2024-01-26 10:00:00,2464.21,588.93,150.03,168.2,1557.05
2024-01-26 11:00:00,2496.98,599.18,218.98,160.73,1518.08
2024-01-26 12:00:00,2405.4,494.41,242.32,170.08,1498.59
2024-01-26 13:00:00,2319.33,546.04,178.97,161.07,1433.25
2024-01-26 14:00:00,2248.03,569.38,195.83,166.54,1316.28
2024-01-26 15:00:00,2128.56,486.31,119.29,180.59,1342.38
2024-01-26 16:00:00,2331.4,325.94,105.83,170.2,1729.43
2024-01-26 17:00:00,2184.57,358.41,60.35,170.51,1595.29
2024-01-26 18:00:00,2263.06,361.93,0.0,161.1,1740.03
2024-01-26 19:00:00,2266.57,465.84,0.0,170.77,1629.96
2024-01-26 20:00:00,2176.04,376.74,0.0,161.75,1637.55
2024-01-26 21:00:00,2229.93,494.35,0.0,168.03,1567.55
2024-01-26 22:00:00,2291.84,456.15,36.15,176.37,1623.18
2024-01-26 23:00:00,2349.01,504.61,20.29,181.61,1642.5
2024-01-27 00:00:00,2257.52,506.09,6.81,162.97,1581.66
2024-01-27 01:00:00,2385.53,575.59,3.22,175.33,1631.39
2024-01-27 02:00:00,2236.52,461.1,0.0,165.74,1609.69
2024-01-27 03:00:00,2500.86,670.88,0.0,171.71,1658.27
2024-01-27 04:00:00,2403.31,795.66,34.49,173.52,1399.63
2024-01-27 05:00:00,2533.23,616.72,0.0,166.82,1749.69
2024-01-27 06:00:00,2470.34,749.02,0.0,173.61,1547.71
2024-01-27 07:00:00,2550.77,675.38,41.33,163.07,1670.99
2024-01-27 08:00:00,2455.96,701.5,152.4,174.04,1428.02
2024-01-27 09:00:00,2381.31,650.38,96.56,167.8,1466.57
2024-01-27 10:00:00,2406.16,704.12,218.32,174.81,1308.91
2024-01-27 11:00:00,2358.85,509.13,198.74,165.73,1485.25
2024-01-27 12:00:00,2318.04,542.03,219.54,174.97,1381.51
2024-01-27 13:00:00,2201.01,492.17,181.99,168.12,1358.73
2024-01-27 14:00:00,2187.56,437.37,187.13,176.51,1386.55
2024-01-27 15:00:00,2179.05,486.6,125.35,172.57,1394.53
2024-01-27 16:00:00,2081.26,409.97,122.68,169.6,1379.01
2024-01-27 17:00:00,2058.93,397.99,49.95,171.33,1439.67
2024-01-27 18:00:00,2140.57,373.75,10.88,168.18,1587.76
2024-01-27 19:00:00,2253.21,341.85,3.77,173.77,1733.82
2024-01-27 20:00:00,2117.1,346.12,0.83,170.25,1599.9
2024-01-27 21:00:00,2211.19,354.56,50.22,178.13,1628.29
2024-01-27 22:00:00,2264.07,494.47,0.0,158.75,1610.86
2024-01-27 23:00:00,2297.71,491.27,18.69,166.29,1621.45
2024-01-28 00:00:00,2298.66,529.55,40.54,170.72,1557.85
2024-01-28 01:00:00,2334.26,580.27,1.34,167.56,1585.08
2024-01-28 02:00:00,2480.65,733.79,27.14,170.47,1549.24
2024-01-28 03:00:00,2441.2,677.65,15.87,166.69,1580.99
2024-01-28 04:00:00,2433.83,579.77,0.0,177.96,1676.1
2024-01-28 05:00:00,2527.55,598.45,1.27,160.03,1767.8
2024-01-28 06:00:00,2490.03,614.26,9.95,174.92,1690.91
2024-01-28 07:00:00,2580.93,642.73,50.87,173.3,1714.03
2024-01-28 08:00:00,2395.77,701.7,88.06,168.92,1437.09
2024-01-28 09:00:00,2441.99,657.5,161.07,172.77,1450.65
2024-01-28 10:00:00,2397.22,608.46,176.69,165.35,1446.73
2024-01-28 11:00:00,2470.9,537.09,164.07,167.44,1602.3
2024-01-28 12:00:00,2390.95,519.82,189.88,179.22,1502.03
2024-01-28 13:00:00,2414.23,443.07,189.93,165.78,1615.45
2024-01-28 14:00:00,2212.77,582.93,212.68,173.9,1243.27
2024-01-28 15:00:00,2223.42,504.64,121.82,164.7,1432.27
2024-01-28 16:00:00,2204.22,486.4,109.63,173.32,1434.88
2024-01-28 17:00:00,2092.13,406.17,99.78,162.99,1423.19
2024-01-28 18:00:00,2131.94,331.82,29.5,164.28,1606.35
2024-01-28 19:00:00,2207.26,404.76,0.0,168.85,1633.66
2024-01-28 20:00:00,2197.21,563.26,7.68,161.79,1464.48
2024-01-28 21:00:00,2196.79,476.02,0.0,172.92,1547.85
2024-01-28 22:00:00,2206.7,363.4,4.87,173.54,1664.9
2024-01-28 23:00:00,2401.57,484.69,4.2,162.41,1750.28
2024-01-29 00:00:00,2364.82,544.67,5.48,176.22,1638.46
2024-01-29 01:00:00,2477.01,624.38,32.57,163.86,1656.21
2024-01-29 02:00:00,2454.05,593.05,26.18,175.42,1659.41
2024-01-29 03:00:00,2596.61,571.12,0.0,170.91,1854.59
2024-01-29 04:00:00,2559.09,617.98,0.0,171.28,1769.83
2024-01-29 05:00:00,2666.04,738.45,1.57,169.63,1756.39
2024-01-29 06:00:00,2614.39,656.15,0.0,172.18,1786.06
2024-01-29 07:00:00,2675.47,669.21,47.84,165.71,1792.71
2024-01-29 08:00:00,2660.0,709.35,105.88,171.6,1673.18
2024-01-29 09:00:00,2624.51,662.62,173.27,174.18,1614.44
2024-01-29 10:00:00,2527.58,652.67,159.61,161.17,1554.13
2024-01-29 11:00:00,2540.38,572.38,191.51,174.1,1602.4
2024-01-29 12:00:00,2504.2,533.17,201.81,169.43,1599.79
2024-01-29 13:00:00,2313.06,487.09,227.52,166.95,1431.51
2024-01-29 14:00:00,2375.58,539.73,171.27,176.38,1488.19
2024-01-29 15:00:00,2401.69,538.59,128.47,181.63,1553.0
2024-01-29 16:00:00,2225.17,400.63,82.1,170.03,1572.41
2024-01-29 17:00:00,2301.38,356.87,27.7,166.79,1750.01
2024-01-29 18:00:00,2303.05,444.08,0.0,160.46,1698.5
2024-01-29 19:00:00,2334.66,456.24,0.0,168.77,1709.65
2024-01-29 20:00:00,2215.16,353.92,29.14,176.24,1655.86
2024-01-29 21:00:00,2345.58,427.49,22.61,164.55,1730.92
2024-01-29 22:00:00,2295.7,391.98,0.0,173.33,1730.39
2024-01-29 23:00:00,2416.29,426.82,0.0,165.77,1823.69
2024-01-30 00:00:00,2515.9,512.28,0.0,166.94,1836.68
2024-01-30 01:00:00,2593.98,434.57,4.51,168.71,1986.19
2024-01-30 02:00:00,2647.27,572.88,20.11,168.57,1885.71
2024-01-30 03:00:00,2830.78,647.07,5.09,167.65,2010.97
2024-01-30 04:00:00,2744.46,705.5,34.92,171.45,1832.58
2024-01-30 05:00:00,2835.71,608.36,0.0,170.77,2056.57
2024-01-30 06:00:00,2835.86,788.77,0.0,173.03,1874.06
2024-01-30 07:00:00,2727.3,660.34,41.94,178.35,1846.67
2024-01-30 08:00:00,2808.24,727.04,86.78,171.26,1823.17
2024-01-30 09:00:00,2700.68,642.05,168.18,174.89,1715.55
2024-01-30 10:00:00,2651.7,648.44,223.29,172.94,1607.03
2024-01-30 11:00:00,2608.57,581.46,179.76,166.13,1681.21
2024-01-30 12:00:00,2576.9,540.65,199.38,169.03,1667.85
2024-01-30 13:00:00,2475.6,605.98,176.47,170.73,1522.41
2024-01-30 14:00:00,2495.87,437.59,191.88,176.4,1690.0
2024-01-30 15:00:00,2520.28,371.38,137.41,169.88,1841.61
2024-01-30 16:00:00,2383.66,431.36,71.51,172.02,1708.78
2024-01-30 17:00:00,2421.23,372.93,41.71,172.06,1834.53
2024-01-30 18:00:00,2425.38,468.26,0.0,171.51,1785.61
2024-01-30 19:00:00,2433.52,328.32,48.53,169.03,1887.63
2024-01-30 20:00:00,2426.91,344.81,0.0,175.96,1906.14
2024-01-30 21:00:00,2438.08,440.93,0.0,176.74,1820.42
2024-01-30 22:00:00,2557.02,549.44,13.13,170.54,1823.9
2024-01-30 23:00:00,2608.25,496.45,0.0,163.88,1947.92
2024-01-31 00:00:00,2536.03,540.93,5.92,170.21,1818.97
2024-01-31 01:00:00,2632.37,551.68,0.0,174.92,1905.77
2024-01-31 02:00:00,2733.98,479.22,4.5,169.44,2080.81
2024-01-31 03:00:00,2738.22,581.97,28.51,170.58,1957.16
2024-01-31 04:00:00,2833.45,747.15,2.25,163.56,1920.49
2024-01-31 05:00:00,2770.39,622.51,7.72,172.68,1967.47
2024-01-31 06:00:00,2767.44,658.73,0.0,168.49,1940.23
2024-01-31 07:00:00,2772.04,661.79,48.43,159.96,1901.86
2024-01-31 08:00:00,2743.46,673.32,69.99,166.35,1833.79
2024-01-31 09:00:00,2655.03,644.16,127.67,172.84,1710.37
2024-01-31 10:00:00,2745.91,579.19,168.61,178.49,1819.62
2024-01-31 11:00:00,2555.01,517.54,213.68,162.61,1661.18
2024-01-31 12:00:00,2660.7,524.05,194.33,172.64,1769.68
2024-01-31 13:00:00,2517.78,675.42,206.49,167.09,1468.79
2024-01-31 14:00:00,2513.39,478.09,184.22,171.26,1679.81
2024-01-31 15:00:00,2439.53,456.31,179.55,161.35,1642.33
2024-01-31 16:00:00,2448.31,488.04,100.44,174.68,1685.15
2024-01-31 17:00:00,2435.17,458.74,46.97,177.89,1751.56
2024-01-31 18:00:00,2404.54,376.9,0.0,165.87,1861.78
2024-01-31 19:00:00,2378.11,355.71,0.0,170.83,1851.58
2024-01-31 20:00:00,2308.09,439.6,6.76,178.39,1683.35
2024-01-31 21:00:00,2498.66,431.7,0.0,169.0,1897.96
2024-01-31 22:00:00,2435.18,416.12,9.51,187.57,1821.97
2024-01-31 23:00:00,2527.97,493.76,28.33,171.44,1834.44
2024-02-01 00:00:00,2536.77,500.73,8.34,166.13,1861.57
2024-02-01 01:00:00,2606.75,554.95,22.45,172.16,1857.19
2024-02-01 02:00:00,2625.48,655.05,18.85,167.47,1784.11
2024-02-01 03:00:00,2736.84,703.46,0.0,175.78,1857.6
2024-02-01 04:00:00,2658.81,574.99,73.86,173.22,1836.74
2024-02-01 05:00:00,2789.08,770.63,0.0,170.37,1848.08
2024-02-01 06:00:00,2686.47,678.05,0.0,169.47,1838.96
2024-02-01 07:00:00,2637.23,732.49,35.33,163.12,1706.29
2024-02-01 08:00:00,2714.89,670.04,123.79,162.02,1759.04
2024-02-01 09:00:00,2728.49,649.38,123.07,166.71,1789.33
2024-02-01 10:00:00,2630.64,625.95,186.75,171.92,1646.03
2024-02-01 11:00:00,2632.74,544.51,238.45,175.94,1673.83
2024-02-01 12:00:00,2454.08,674.7,198.32,173.76,1407.31
2024-02-01 13:00:00,2595.3,455.79,186.19,173.74,1779.58
2024-02-01 14:00:00,2441.67,559.35,169.35,174.53,1538.43
2024-02-01 15:00:00,2490.01,335.04,202.28,172.11,1780.58
2024-02-01 16:00:00,2311.68,355.26,107.88,170.97,1677.58
2024-02-01 17:00:00,2375.34,439.75,64.23,166.31,1705.04
2024-02-01 18:00:00,2335.61,373.01,11.45,178.0,1773.16
2024-02-01 19:00:00,2374.78,389.92,44.91,161.1,1778.84
2024-02-01 20:00:00,2351.86,297.25,0.0,165.53,1889.08
2024-02-01 21:00:00,2435.78,469.79,0.0,170.48,1795.52
2024-02-01 22:00:00,2480.4,427.71,0.0,163.18,1889.51
2024-02-01 23:00:00,2484.69,553.53,8.29,170.88,1752.0
2024-02-02 00:00:00,2438.9,399.17,6.43,166.87,1866.43
2024-02-02 01:00:00,2530.92,573.66,13.73,169.47,1774.06
2024-02-02 02:00:00,2480.61,538.44,0.0,166.9,1775.26
2024-02-02 03:00:00,2534.96,627.99,0.0,159.61,1747.36
2024-02-02 04:00:00,2543.66,593.2,10.54,174.71,1765.23
2024-02-02 05:00:00,2721.22,612.0,14.11,167.29,1927.82
2024-02-02 06:00:00,2556.85,676.46,0.0,178.16,1702.23
2024-02-02 07:00:00,2656.46,628.89,1.79,174.99,1850.79
2024-02-02 08:00:00,2628.8,705.77,94.6,175.19,1653.23
2024-02-02 09:00:00,2596.29,678.9,146.37,181.56,1589.46
2024-02-02 10:00:00,2437.58,603.42,172.91,164.7,1496.55
2024-02-02 11:00:00,2367.11,524.96,230.04,165.17,1446.95
2024-02-02 12:00:00,2459.29,481.91,200.04,164.06,1613.27
2024-02-02 13:00:00,2346.65,462.82,205.35,174.01,1504.47
2024-02-02 14:00:00,2346.26,364.52,212.57,174.1,1595.07
2024-02-02 15:00:00,2292.78,407.63,174.49,178.75,1531.92
2024-02-02 16:00:00,2215.13,512.17,96.63,173.29,1433.05
2024-02-02 17:00:00,2152.24,341.39,29.1,183.24,1598.52
2024-02-02 18:00:00,2171.32,299.37,2.58,174.93,1694.44
2024-02-02 19:00:00,2155.55,394.71,0.0,170.8,1590.04
2024-02-02 20:00:00,2268.81,301.06,9.11,167.53,1791.1
2024-02-02 21:00:00,2150.57,462.97,0.0,164.67,1522.93
2024-02-02 22:00:00,2284.52,417.27,39.08,169.12,1659.05
2024-02-02 23:00:00,2304.98,564.11,1.91,169.89,1569.07
2024-02-03 00:00:00,2463.45,562.4,0.0,167.64,1733.41
2024-02-03 01:00:00,2293.16,623.36,0.0,167.26,1502.54
2024-02-03 02:00:00,2399.42,647.89,6.94,164.19,1580.4
2024-02-03 03:00:00,2376.53,658.03,0.0,165.98,1552.53
2024-02-03 04:00:00,2503.75,616.93,0.0,168.94,1717.88
2024-02-03 05:00:00,2521.49,686.62,40.49,169.42,1624.97
2024-02-03 06:00:00,2515.53,752.9,18.25,170.07,1574.31
2024-02-03 07:00:00,2522.21,552.41,60.87,176.27,1732.67
2024-02-03 08:00:00,2407.79,710.13,90.79,170.01,1436.87
2024-02-03 09:00:00,2418.85,657.34,165.35,170.85,1425.31
2024-02-03 10:00:00,2359.89,630.45,149.46,181.89,1398.09
2024-02-03 11:00:00,2392.1,625.88,203.18,176.18,1386.86
2024-02-03 12:00:00,2304.46,668.35,231.12,166.23,1238.75
2024-02-03 13:00:00,2285.26,513.04,155.05,174.15,1443.02
2024-02-03 14:00:00,2177.05,405.69,184.11,169.65,1417.6
2024-02-03 15:00:00,2136.0,326.97,164.2,161.61,1483.22
2024-02-03 16:00:00,2111.61,373.2,126.33,180.79,1431.29
2024-02-03 17:00:00,2109.37,423.83,27.31,173.69,1484.54
2024-02-03 18:00:00,2117.43,384.31,0.0,172.8,1560.31
2024-02-03 19:00:00,2068.74,348.42,20.74,172.0,1527.59
2024-02-03 20:00:00,2153.41,470.72,0.0,175.45,1507.25
2024-02-03 21:00:00,2242.07,393.58,4.18,172.35,1671.97
2024-02-03 22:00:00,2296.08,462.99,0.0,166.63,1666.46
2024-02-03 23:00:00,2261.36,418.68,21.97,174.06,1646.64
2024-02-04 00:00:00,2386.85,570.9,0.0,165.78,1650.17
2024-02-04 01:00:00,2350.14,540.11,16.68,162.97,1630.38
2024-02-04 02:00:00,2482.89,525.98,6.48,178.75,1771.68
2024-02-04 03:00:00,2551.28,669.17,0.0,158.33,1723.78
2024-02-04 04:00:00,2526.45,762.17,0.0,171.63,1592.66
2024-02-04 05:00:00,2561.42,677.62,0.0,175.23,1708.57
2024-02-04 06:00:00,2457.84,649.89,17.3,172.33,1618.32
2024-02-04 07:00:00,2547.02,619.3,64.85,177.88,1684.99
2024-02-04 08:00:00,2391.84,751.57,88.66,169.77,1381.84
2024-02-04 09:00:00,2483.25,573.3,130.72,165.48,1613.75
2024-02-04 10:00:00,2357.9,543.9,156.57,164.14,1493.29
2024-02-04 11:00:00,2460.91,701.13,202.6,173.04,1384.13
2024-02-04 12:00:00,2406.41,594.44,232.64,168.17,1411.16
2024-02-04 13:00:00,2353.76,424.24,184.29,173.29,1571.93
2024-02-04 14:00:00,2308.71,467.04,168.93,165.6,1507.14
2024-02-04 15:00:00,2234.26,452.17,134.57,172.25,1475.27
2024-02-04 16:00:00,2063.24,540.44,116.72,168.12,1237.97
2024-02-04 17:00:00,2194.56,224.18,40.66,166.7,1763.02
2024-02-04 18:00:00,2121.21,425.13,9.72,170.42,1515.94
2024-02-04 19:00:00,2175.5,460.55,4.01,172.31,1538.63
2024-02-04 20:00:00,2072.8,553.93,0.0,160.55,1358.32
2024-02-04 21:00:00,2193.63,340.38,10.0,170.7,1672.55
2024-02-04 22:00:00,2338.74,493.75,9.75,176.14,1659.11
2024-02-04 23:00:00,2309.62,565.64,1.21,165.63,1577.14
2024-02-05 00:00:00,2422.48,534.07,48.33,163.88,1676.19
2024-02-05 01:00:00,2502.16,547.58,0.7,161.01,1792.86
2024-02-05 02:00:00,2626.74,691.79,0.0,176.56,1758.39
2024-02-05 03:00:00,2535.54,544.41,15.85,170.0,1805.29
2024-02-05 04:00:00,2671.06,493.93,0.0,162.54,2014.59
2024-02-05 05:00:00,2631.51,649.89,40.74,164.48,1776.39
2024-02-05 06:00:00,2697.1,677.66,27.2,162.59,1829.64
2024-02-05 07:00:00,2757.18,804.29,57.31,174.89,1720.69
2024-02-05 08:00:00,2504.58,765.55,115.97,168.67,1454.4
2024-02-05 09:00:00,2569.62,577.83,159.09,168.94,1663.75
2024-02-05 10:00:00,2666.76,729.21,222.7,172.6,1542.25
2024-02-05 11:00:00,2526.27,553.63,204.2,173.01,1595.43
2024-02-05 12:00:00,2493.15,601.12,240.01,170.9,1481.12
2024-02-05 13:00:00,2398.62,505.27,181.67,174.58,1537.09
2024-02-05 14:00:00,2359.36,426.03,199.22,173.3,1560.82
2024-02-05 15:00:00,2337.06,458.14,143.31,171.75,1563.86
2024-02-05 16:00:00,2273.95,380.03,89.04,170.99,1633.88
2024-02-05 17:00:00,2333.43,446.97,36.98,170.15,1679.32
2024-02-05 18:00:00,2237.82,329.43,0.0,174.09,1734.3
2024-02-05 19:00:00,2337.07,441.6,0.0,164.29,1731.18
2024-02-05 20:00:00,2287.47,407.85,12.48,163.91,1703.23
2024-02-05 21:00:00,2245.07,415.71,18.41,165.96,1644.99
2024-02-05 22:00:00,2410.58,491.61,0.0,173.52,1745.45
2024-02-05 23:00:00,2372.98,582.74,0.0,174.1,1616.15
2024-02-06 00:00:00,2533.48,669.44,13.87,166.01,1684.17
2024-02-06 01:00:00,2647.2,605.23,0.0,163.78,1878.19
2024-02-06 02:00:00,2700.35,593.43,3.97,175.07,1927.89
2024-02-06 03:00:00,2674.19,544.77,21.15,159.69,1948.57
2024-02-06 04:00:00,2727.02,638.54,0.0,170.14,1918.33
2024-02-06 05:00:00,2741.83,615.19,1.63,165.64,1959.37
2024-02-06 06:00:00,2831.86,716.8,0.0,169.34,1945.71
2024-02-06 07:00:00,2825.84,668.08,32.45,169.14,1956.17
2024-02-06 08:00:00,2770.92,581.52,83.98,166.36,1939.06
2024-02-06 09:00:00,2640.57,673.34,72.88,163.0,1731.34
2024-02-06 10:00:00,2654.97,660.54,214.01,170.78,1609.64
2024-02-06 11:00:00,2704.41,588.03,217.48,158.4,1740.5
2024-02-06 12:00:00,2542.65,546.92,185.11,167.76,1642.87
2024-02-06 13:00:00,2436.34,503.53,174.11,163.82,1594.88
2024-02-06 14:00:00,2424.19,386.58,157.31,163.52,1716.78
2024-02-06 15:00:00,2428.86,383.49,124.13,174.43,1746.81
2024-02-06 16:00:00,2379.06,407.07,106.27,179.35,1686.37
2024-02-06 17:00:00,2397.5,385.22,41.03,163.47,1807.79
2024-02-06 18:00:00,2318.78,399.09,0.0,168.77,1750.93
2024-02-06 19:00:00,2458.29,295.65,0.0,168.93,1993.7
2024-02-06 20:00:00,2360.75,342.76,0.0,167.09,1850.9
2024-02-06 21:00:00,2421.96,484.16,8.17,174.71,1754.91
2024-02-06 22:00:00,2502.58,455.94,41.69,173.98,1830.97
2024-02-06 23:00:00,2536.76,469.38,0.0,165.46,1901.91
2024-02-07 00:00:00,2570.84,557.68,37.39,167.35,1808.43
2024-02-07 01:00:00,2677.5,774.83,8.16,172.18,1722.33
2024-02-07 02:00:00,2781.69,646.84,4.41,173.67,1956.76
2024-02-07 03:00:00,2762.35,549.7,61.09,174.69,1976.87
2024-02-07 04:00:00,2813.0,767.73,4.33,162.49,1878.44
2024-02-07 05:00:00,2822.78,599.67,10.57,173.97,2038.57
2024-02-07 06:00:00,2937.39,843.36,0.0,168.62,1925.4
2024-02-07 07:00:00,2835.31,638.35,49.87,174.47,1972.62
2024-02-07 08:00:00,2689.84,576.65,116.87,169.81,1826.51
2024-02-07 09:00:00,2681.17,650.61,126.72,173.69,1730.15
2024-02-07 10:00:00,2708.23,669.39,189.04,165.51,1684.29
2024-02-07 11:00:00,2640.58,619.88,112.97,167.87,1739.86
2024-02-07 12:00:00,2622.66,591.44,210.22,169.85,1651.16
2024-02-07 13:00:00,2594.72,471.6,182.63,174.59,1765.91
2024-02-07 14:00:00,2432.9,425.32,161.35,165.3,1680.93
2024-02-07 15:00:00,2477.69,404.39,134.65,175.03,1763.62
2024-02-07 16:00:00,2380.67,434.79,96.97,170.3,1678.61
2024-02-07 17:00:00,2433.92,402.75,70.4,180.34,1780.42
2024-02-07 18:00:00,2368.69,475.27,4.42,162.54,1726.46
2024-02-07 19:00:00,2404.85,398.61,9.96,173.15,1823.13
2024-02-07 20:00:00,2450.92,397.1,0.0,166.4,1887.42
2024-02-07 21:00:00,2453.81,446.94,0.0,165.6,1841.27
2024-02-07 22:00:00,2472.75,475.75,22.26,167.82,1806.91
2024-02-07 23:00:00,2661.07,465.99,1.81,176.19,2017.08
2024-02-08 00:00:00,2478.43,536.82,9.67,171.2,1760.74
2024-02-08 01:00:00,2589.65,577.28,0.0,168.03,1844.34
2024-02-08 02:00:00,2545.95,547.58,18.19,170.1,1810.08
2024-02-08 03:00:00,2650.22,668.9,15.62,165.67,1800.03
2024-02-08 04:00:00,2731.05,680.29,24.4,177.92,1848.44
2024-02-08 05:00:00,2665.58,624.87,14.39,170.6,1855.72
2024-02-08 06:00:00,2667.72,751.74,0.0,173.49,1742.49
2024-02-08 07:00:00,2739.89,586.43,38.87,171.07,1943.52
2024-02-08 08:00:00,2696.22,572.13,74.18,162.12,1887.79
2024-02-08 09:00:00,2665.7,631.48,135.64,165.54,1733.03
2024-02-08 10:00:00,2618.69,574.99,162.18,166.42,1715.1
2024-02-08 11:00:00,2544.74,577.09,206.39,167.18,1594.07
2024-02-08 12:00:00,2439.52,508.78,211.31,170.38,1549.05
2024-02-08 13:00:00,2427.02,486.85,162.49,167.07,1610.61
2024-02-08 14:00:00,2400.28,499.96,129.28,173.49,1597.55
2024-02-08 15:00:00,2432.66,416.74,135.97,175.18,1704.77
2024-02-08 16:00:00,2294.8,413.77,108.91,161.45,1610.67
2024-02-08 17:00:00,2359.84,297.98,75.72,165.18,1820.96
2024-02-08 18:00:00,2324.79,419.61,0.0,167.14,1738.04
2024-02-08 19:00:00,2287.06,352.88,11.95,166.36,1755.87
2024-02-08 20:00:00,2424.95,408.82,12.75,171.59,1831.79
2024-02-08 21:00:00,2318.27,458.29,0.0,167.97,1692.01
2024-02-08 22:00:00,2441.75,424.71,0.0,168.59,1848.45
2024-02-08 23:00:00,2447.77,528.77,15.49,174.12,1729.39
2024-02-09 00:00:00,2455.93,562.82,9.4,173.8,1709.91
2024-02-09 01:00:00,2351.85,504.53,0.0,170.67,1676.65
2024-02-09 02:00:00,2408.43,506.71,8.64,155.07,1738.01
2024-02-09 03:00:00,2553.56,575.02,0.0,176.0,1802.54
2024-02-09 04:00:00,2557.42,700.45,39.94,158.35,1658.68
2024-02-09 05:00:00,2580.11,698.26,0.0,171.44,1710.41
2024-02-09 06:00:00,2602.1,665.44,6.89,168.47,1761.3
2024-02-09 07:00:00,2669.72,680.84,68.59,176.76,1743.54
2024-02-09 08:00:00,2644.7,656.75,71.3,172.34,1744.3
2024-02-09 09:00:00,2573.9,718.17,169.73,173.72,1512.28
2024-02-09 10:00:00,2504.53,729.45,170.48,170.29,1434.31
2024-02-09 11:00:00,2389.4,661.54,197.24,170.82,1359.8
2024-02-09 12:00:00,2368.59,608.54,233.09,172.43,1354.53
2024-02-09 13:00:00,2378.86,585.48,186.64,177.82,1428.92
2024-02-09 14:00:00,2250.99,539.23,189.68,172.97,1349.1
2024-02-09 15:00:00,2224.69,445.06,134.03,175.6,1470.0
2024-02-09 16:00:00,2252.03,399.39,106.7,164.86,1581.08
2024-02-09 17:00:00,2200.9,387.17,66.58,168.54,1578.6
2024-02-09 18:00:00,2163.93,432.49,0.0,170.97,1560.47
2024-02-09 19:00:00,2268.55,476.82,0.58,165.28,1625.86
2024-02-09 20:00:00,2131.67,348.28,0.0,175.05,1608.34
2024-02-09 21:00:00,2176.29,392.73,4.82,173.98,1604.77
2024-02-09 22:00:00,2403.09,495.68,0.0,164.28,1743.12
2024-02-09 23:00:00,2419.71,531.24,1.01,171.06,1716.41
2024-02-10 00:00:00,2305.53,512.91,0.0,163.25,1629.38
2024-02-10 01:00:00,2385.24,645.88,0.0,169.41,1569.95
2024-02-10 02:00:00,2380.99,632.85,11.61,172.08,1564.45
2024-02-10 03:00:00,2446.4,660.28,1.57,175.15,1609.39
2024-02-10 04:00:00,2564.74,589.44,0.0,173.2,1802.1
2024-02-10 05:00:00,2609.49,680.62,0.0,167.93,1760.94
2024-02-10 06:00:00,2503.83,713.48,0.0,170.51,1619.84
2024-02-10 07:00:00,2379.05,709.19,83.52,169.69,1416.66
2024-02-10 08:00:00,2496.77,662.64,86.67,167.56,1579.91
2024-02-10 09:00:00,2426.89,660.07,168.33,171.61,1426.88
2024-02-10 10:00:00,2479.54,684.15,168.24,163.07,1464.08
2024-02-10 11:00:00,2393.36,567.24,171.09,163.91,1491.11
2024-02-10 12:00:00,2324.95,555.6,189.81,165.17,1414.36
2024-02-10 13:00:00,2202.92,407.28,163.91,167.75,1463.98
2024-02-10 14:00:00,2167.38,419.84,172.24,170.77,1404.53
2024-02-10 15:00:00,2116.56,425.12,161.68,163.53,1366.23
2024-02-10 16:00:00,2245.69,435.66,92.46,159.68,1557.88
2024-02-10 17:00:00,2127.12,354.31,18.4,176.43,1577.98
2024-02-10 18:00:00,2166.37,459.06,0.0,173.66,1533.65
2024-02-10 19:00:00,2162.82,419.6,8.67,166.21,1568.34
2024-02-10 20:00:00,2113.88,297.48,0.0,178.41,1638.0
2024-02-10 21:00:00,2128.35,422.34,27.01,162.96,1516.05
2024-02-10 22:00:00,2255.07,514.91,5.14,171.04,1563.97
2024-02-10 23:00:00,2250.02,503.27,17.38,168.36,1561.02
2024-02-11 00:00:00,2284.69,519.61,0.0,158.78,1606.31
2024-02-11 01:00:00,2449.48,566.42,0.0,172.36,1710.71
2024-02-11 02:00:00,2476.03,618.8,0.0,164.53,1692.7
2024-02-11 03:00:00,2449.55,706.88,0.0,167.67,1575.0
2024-02-11 04:00:00,2514.21,707.86,0.0,171.95,1634.4
2024-02-11 05:00:00,2555.39,718.99,4.57,164.97,1666.86
2024-02-11 06:00:00,2520.7,748.63,1.21,162.78,1608.08
2024-02-11 07:00:00,2484.78,720.27,77.82,168.25,1518.44
2024-02-11 08:00:00,2547.45,720.28,100.26,161.92,1564.99
2024-02-11 09:00:00,2385.22,763.09,152.79,168.7,1300.64
2024-02-11 10:00:00,2435.46,668.36,177.43,171.46,1418.21
2024-02-11 11:00:00,2417.2,535.33,201.93,162.21,1517.73
2024-02-11 12:00:00,2322.68,509.38,206.09,176.38,1430.83
2024-02-11 13:00:00,2281.62,416.53,182.36,171.11,1511.62
2024-02-11 14:00:00,2250.36,411.92,147.36,166.43,1524.65
2024-02-11 15:00:00,2110.14,423.08,122.72,176.17,1388.18
2024-02-11 16:00:00,2201.84,450.52,104.36,169.57,1477.39
2024-02-11 17:00:00,2168.58,431.39,21.23,178.78,1537.18
2024-02-11 18:00:00,2197.21,404.66,15.56,168.17,1608.82
2024-02-11 19:00:00,2107.75,390.42,7.04,175.89,1534.4
2024-02-11 20:00:00,2216.8,437.17,26.34,175.92,1577.36
2024-02-11 21:00:00,2174.73,452.99,37.89,176.78,1507.07
2024-02-11 22:00:00,2233.75,471.34,0.0,174.44,1587.96
2024-02-11 23:00:00,2240.64,505.98,15.62,171.37,1547.67
2024-02-12 00:00:00,2401.43,569.58,8.69,166.06,1657.1
2024-02-12 01:00:00,2677.87,533.55,36.68,175.87,1931.77
2024-02-12 02:00:00,2554.23,568.75,10.35,171.17,1803.97
2024-02-12 03:00:00,2710.99,569.26,0.0,165.43,1976.3
2024-02-12 04:00:00,2605.79,684.04,0.0,166.25,1755.5
2024-02-12 05:00:00,2612.9,715.7,8.76,166.37,1722.06
2024-02-12 06:00:00,2668.59,571.4,15.67,169.87,1911.66
2024-02-12 07:00:00,2634.81,780.43,35.93,171.48,1646.96
2024-02-12 08:00:00,2699.2,700.15,103.98,171.52,1723.55
2024-02-12 09:00:00,2589.12,633.18,142.94,162.82,1650.18
2024-02-12 10:00:00,2663.29,620.05,157.05,173.98,1712.2
2024-02-12 11:00:00,2545.97,631.55,190.74,162.87,1560.81
2024-02-12 12:00:00,2447.89,511.85,186.3,172.92,1576.81
2024-02-12 13:00:00,2365.2,533.02,156.72,172.79,1502.68
2024-02-12 14:00:00,2415.21,493.69,167.5,171.1,1582.92
2024-02-12 15:00:00,2232.81,482.26,155.58,160.91,1434.06
2024-02-12 16:00:00,2202.96,441.01,90.96,179.25,1491.75
2024-02-12 17:00:00,2271.31,417.7,18.79,171.84,1662.98
2024-02-12 18:00:00,2239.9,350.05,31.89,166.64,1691.32
2024-02-12 19:00:00,2258.21,344.78,14.81,168.69,1729.93
2024-02-12 20:00:00,2198.0,462.97,0.0,169.46,1565.57
2024-02-12 21:00:00,2269.92,469.22,2.14,174.24,1624.32
2024-02-12 22:00:00,2284.49,346.0,54.27,171.78,1712.44
2024-02-12 23:00:00,2377.03,466.06,0.0,174.42,1736.55
2024-02-13 00:00:00,2599.18,416.76,0.0,174.72,2007.69
2024-02-13 01:00:00,2598.08,671.71,6.35,180.75,1739.27
2024-02-13 02:00:00,2750.0,512.52,8.09,167.33,2062.06
2024-02-13 03:00:00,2675.08,736.77,3.29,167.99,1767.03
2024-02-13 04:00:00,2678.84,659.87,0.0,162.86,1856.11
2024-02-13 05:00:00,2788.88,685.72,0.0,178.23,1924.93
2024-02-13 06:00:00,2820.99,700.35,17.7,163.8,1939.14
2024-02-13 07:00:00,2773.32,607.33,12.72,165.95,1987.33
2024-02-13 08:00:00,2683.04,687.88,107.5,178.31,1709.35
2024-02-13 09:00:00,2694.68,661.69,163.36,170.6,1699.02
2024-02-13 10:00:00,2659.31,667.84,168.48,170.38,1652.61
2024-02-13 11:00:00,2604.45,525.25,203.16,167.28,1708.76
2024-02-13 12:00:00,2532.75,431.07,217.08,168.72,1715.88
2024-02-13 13:00:00,2505.47,446.98,183.5,169.93,1705.06
2024-02-13 14:00:00,2483.83,454.93,174.23,173.28,1681.4
2024-02-13 15:00:00,2440.94,448.46,139.24,168.94,1684.3
2024-02-13 16:00:00,2400.95,290.81,84.54,172.81,1852.79
2024-02-13 17:00:00,2359.39,456.73,103.47,164.52,1634.68
2024-02-13 18:00:00,2351.68,384.69,3.17,168.54,1795.28
2024-02-13 19:00:00,2402.52,350.26,0.0,168.97,1883.29
2024-02-13 20:00:00,2377.73,387.45,0.0,176.81,1813.47
2024-02-13 21:00:00,2386.28,458.09,0.0,167.7,1760.49
2024-02-13 22:00:00,2587.15,474.1,6.93,172.78,1933.35
2024-02-13 23:00:00,2432.82,430.71,0.0,165.57,1836.54
2024-02-14 00:00:00,2661.33,547.85,16.18,167.59,1929.7
2024-02-14 01:00:00,2667.76,516.32,8.69,164.82,1977.93
2024-02-14 02:00:00,2685.4,691.81,13.61,174.73,1805.25
2024-02-14 03:00:00,2702.4,660.1,15.25,179.01,1848.04
2024-02-14 04:00:00,2763.21,688.45,0.0,161.38,1913.38
2024-02-14 05:00:00,2763.42,645.34,20.48,165.41,1932.19
2024-02-14 06:00:00,2826.49,633.2,5.16,173.47,2014.66
2024-02-14 07:00:00,2749.86,658.33,39.32,170.37,1881.84
2024-02-14 08:00:00,2817.2,686.02,135.09,170.29,1825.8
2024-02-14 09:00:00,2709.49,598.03,128.74,171.49,1811.23
2024-02-14 10:00:00,2704.19,651.14,162.07,166.93,1724.06
2024-02-14 11:00:00,2704.92,538.35,207.38,173.04,1786.14
2024-02-14 12:00:00,2654.34,638.48,227.96,160.65,1627.25
2024-02-14 13:00:00,2576.36,441.34,184.02,168.91,1782.08
2024-02-14 14:00:00,2479.31,455.05,182.37,171.58,1670.3
2024-02-14 15:00:00,2416.49,540.68,149.23,162.46,1564.13
2024-02-14 16:00:00,2459.57,357.08,115.51,168.75,1818.23
2024-02-14 17:00:00,2408.21,270.7,73.65,169.52,1894.34
2024-02-14 18:00:00,2394.8,470.2,20.99,173.41,1730.2
2024-02-14 19:00:00,2303.9,397.69,2.54,169.23,1734.44
2024-02-14 20:00:00,2433.33,336.86,0.0,176.24,1920.23
2024-02-14 21:00:00,2454.83,487.11,23.18,167.16,1777.38
2024-02-14 22:00:00,2551.2,521.24,2.83,168.15,1858.97
2024-02-14 23:00:00,2540.14,513.14,23.17,166.8,1837.03
2024-02-15 00:00:00,2579.16,537.95,0.0,177.11,1864.1
2024-02-15 01:00:00,2538.27,443.78,14.57,165.49,1914.43
2024-02-15 02:00:00,2702.87,685.57,0.0,166.92,1850.38
2024-02-15 03:00:00,2674.27,663.26,0.0,165.47,1845.54
2024-02-15 04:00:00,2661.73,710.55,8.76,163.92,1778.49
2024-02-15 05:00:00,2664.3,931.61,41.22,168.47,1523.0
2024-02-15 06:00:00,2724.11,730.5,0.0,169.26,1824.35
2024-02-15 07:00:00,2615.06,704.57,70.55,171.21,1668.73
2024-02-15 08:00:00,2712.68,724.05,118.27,170.8,1699.56
2024-02-15 09:00:00,2630.65,661.2,175.71,168.28,1625.45
2024-02-15 10:00:00,2580.69,607.31,135.09,165.6,1672.68
2024-02-15 11:00:00,2580.17,593.25,185.85,157.53,1643.53
2024-02-15 12:00:00,2499.02,515.45,207.33,171.59,1604.65
2024-02-15 13:00:00,2348.65,556.11,199.48,168.36,1424.7
2024-02-15 14:00:00,2473.47,523.18,177.3,161.89,1611.1
2024-02-15 15:00:00,2307.67,413.92,149.05,161.07,1583.62
2024-02-15 16:00:00,2330.27,384.52,80.05,171.55,1694.14
2024-02-15 17:00:00,2389.14,338.77,41.29,173.81,1835.28
2024-02-15 18:00:00,2365.64,415.08,28.96,164.13,1757.47
2024-02-15 19:00:00,2269.97,450.93,26.93,171.43,1620.68
2024-02-15 20:00:00,2347.09,412.82,12.35,164.98,1756.93
2024-02-15 21:00:00,2357.03,441.46,0.0,181.15,1734.42
2024-02-15 22:00:00,2416.06,383.11,8.64,171.26,1853.04
2024-02-15 23:00:00,2436.06,445.54,0.0,170.95,1819.56
2024-02-16 00:00:00,2400.55,490.49,23.77,157.74,1728.55
2024-02-16 01:00:00,2423.65,474.5,0.0,165.81,1783.34
2024-02-16 02:00:00,2407.96,641.97,15.23,166.42,1584.35
2024-02-16 03:00:00,2508.14,601.5,10.91,170.66,1725.08
2024-02-16 04:00:00,2608.71,738.52,17.21,159.91,1693.06
2024-02-16 05:00:00,2518.72,687.56,0.0,166.01,1665.14
2024-02-16 06:00:00,2593.59,520.98,8.4,166.9,1897.32
2024-02-16 07:00:00,2679.61,759.4,50.4,168.96,1700.84
2024-02-16 08:00:00,2612.32,667.41,122.21,160.31,1662.4
2024-02-16 09:00:00,2580.04,619.18,160.81,167.99,1632.06
2024-02-16 10:00:00,2400.98,691.91,187.48,169.74,1351.85
2024-02-16 11:00:00,2493.29,732.52,231.88,178.6,1350.28
2024-02-16 12:00:00,2361.14,631.25,194.29,165.28,1370.33
2024-02-16 13:00:00,2354.68,532.59,168.71,168.4,1484.98
2024-02-16 14:00:00,2304.49,426.98,226.57,170.33,1480.61
2024-02-16 15:00:00,2358.42,338.85,115.91,176.71,1726.95
2024-02-16 16:00:00,2282.37,477.17,92.37,170.19,1542.64
2024-02-16 17:00:00,2264.49,486.51,50.62,176.1,1551.25
2024-02-16 18:00:00,2204.54,456.2,0.0,171.33,1577.01
2024-02-16 19:00:00,2182.84,504.13,16.8,165.15,1496.76
2024-02-16 20:00:00,2361.47,356.83,0.0,166.26,1838.39
2024-02-16 21:00:00,2296.37,466.14,0.0,166.83,1663.39
2024-02-16 22:00:00,2243.24,506.09,37.66,163.14,1536.36
2024-02-16 23:00:00,2346.75,464.9,9.87,176.21,1695.77
2024-02-17 00:00:00,2200.67,560.15,17.6,173.41,1449.51
2024-02-17 01:00:00,2339.21,606.19,0.0,167.27,1565.75
2024-02-17 02:00:00,2358.67,494.64,40.85,171.99,1651.19
2024-02-17 03:00:00,2390.58,594.94,17.83,165.55,1612.27
2024-02-17 04:00:00,2473.16,763.33,0.0,166.37,1543.45
2024-02-17 05:00:00,2573.63,579.03,0.0,166.95,1827.65
2024-02-17 06:00:00,2497.69,722.23,20.23,155.8,1599.43
2024-02-17 07:00:00,2581.39,744.52,58.61,172.0,1606.26
2024-02-17 08:00:00,2469.91,617.12,77.72,170.93,1604.14
2024-02-17 09:00:00,2488.86,676.83,146.74,165.96,1499.32
2024-02-17 10:00:00,2342.15,613.02,165.42,170.56,1393.14
2024-02-17 11:00:00,2378.94,597.23,178.03,167.26,1436.42
2024-02-17 12:00:00,2368.8,567.95,172.45,158.11,1470.3
2024-02-17 13:00:00,2315.5,579.95,229.45,166.3,1339.79
2024-02-17 14:00:00,2164.88,441.93,184.9,163.08,1374.96
2024-02-17 15:00:00,2062.27,499.26,97.93,163.78,1301.3
2024-02-17 16:00:00,2156.77,453.54,110.96,166.77,1425.5
2024-02-17 17:00:00,2107.92,410.36,47.78,172.93,1476.85
2024-02-17 18:00:00,2069.24,521.79,0.0,164.06,1383.39
2024-02-17 19:00:00,2150.77,352.79,3.21,167.38,1627.38
2024-02-17 20:00:00,2214.72,464.74,0.15,161.86,1587.98
2024-02-17 21:00:00,2205.27,330.89,51.34,176.8,1646.24
2024-02-17 22:00:00,2172.13,434.81,0.0,166.46,1570.86
2024-02-17 23:00:00,2274.79,532.85,0.0,161.5,1580.43
2024-02-18 00:00:00,2286.13,540.24,0.6,165.33,1579.96
2024-02-18 01:00:00,2426.01,431.95,0.0,173.79,1820.27
2024-02-18 02:00:00,2314.81,590.65,0.0,168.09,1556.07
2024-02-18 03:00:00,2500.46,657.77,12.48,168.5,1661.72
2024-02-18 04:00:00,2513.58,636.61,0.0,170.09,1706.89
2024-02-18 05:00:00,2574.97,752.4,13.36,175.59,1633.61
2024-02-18 06:00:00,2487.02,745.98,7.43,171.61,1561.99
2024-02-18 07:00:00,2490.76,772.85,45.44,171.11,1501.36
2024-02-18 08:00:00,2511.19,694.11,69.58,167.37,1580.12
2024-02-18 09:00:00,2542.55,659.93,139.32,160.08,1583.22
2024-02-18 10:00:00,2401.42,680.67,138.01,171.55,1411.2
2024-02-18 11:00:00,2393.55,568.0,152.36,169.52,1503.68
2024-02-18 12:00:00,2378.04,571.29,214.83,165.37,1426.55
2024-02-18 13:00:00,2183.14,471.89,172.43,171.13,1367.69
2024-02-18 14:00:00,2240.4,493.2,163.87,168.62,1414.71
2024-02-18 15:00:00,2192.01,528.94,163.5,168.72,1330.85
2024-02-18 16:00:00,2133.32,365.18,115.17,181.37,1471.6
2024-02-18 17:00:00,2191.82,402.23,33.47,175.57,1580.55
2024-02-18 18:00:00,2125.14,385.57,0.0,171.25,1568.32
2024-02-18 19:00:00,2222.56,361.65,10.62,166.02,1684.26
2024-02-18 20:00:00,2204.48,425.39,27.82,169.61,1581.67
2024-02-18 21:00:00,2166.09,521.88,0.0,169.95,1474.26
2024-02-18 22:00:00,2203.88,450.75,5.56,171.42,1576.14
2024-02-18 23:00:00,2293.46,452.05,0.0,171.57,1669.84
2024-02-19 00:00:00,2563.81,546.21,9.61,166.92,1841.08
2024-02-19 01:00:00,2632.13,563.09,0.0,177.13,1891.91
2024-02-19 02:00:00,2610.28,715.35,13.88,161.4,1719.64
2024-02-19 03:00:00,2572.48,730.57,0.0,170.0,1671.9
2024-02-19 04:00:00,2707.65,705.5,0.0,172.98,1829.17
2024-02-19 05:00:00,2655.55,664.94,20.71,170.05,1799.86
2024-02-19 06:00:00,2680.24,592.62,1.39,169.72,1916.51
2024-02-19 07:00:00,2758.5,733.18,56.59,167.55,1801.17
2024-02-19 08:00:00,2544.08,654.21,73.73,174.09,1642.06
2024-02-19 09:00:00,2571.31,724.56,135.78,165.83,1545.14
2024-02-19 10:00:00,2564.41,691.15,150.38,169.33,1553.55
2024-02-19 11:00:00,2452.94,452.61,222.12,166.6,1611.61
2024-02-19 12:00:00,2443.71,581.77,208.89,169.69,1483.36
2024-02-19 13:00:00,2452.58,538.62,187.66,171.07,1555.23
2024-02-19 14:00:00,2351.78,417.45,160.8,167.55,1605.98
2024-02-19 15:00:00,2287.19,484.8,113.79,156.32,1532.29
2024-02-19 16:00:00,2345.15,386.95,104.67,167.81,1685.72
2024-02-19 17:00:00,2262.07,406.17,83.41,175.59,1596.91
2024-02-19 18:00:00,2256.04,471.48,7.06,169.4,1608.1
2024-02-19 19:00:00,2258.18,404.24,0.0,174.75,1679.2
2024-02-19 20:00:00,2320.01,318.12,0.0,165.64,1836.25
2024-02-19 21:00:00,2377.05,459.73,40.21,165.64,1711.48
2024-02-19 22:00:00,2283.98,474.46,0.0,174.15,1635.37
2024-02-19 23:00:00,2313.56,391.13,0.0,164.05,1758.39
2024-02-20 00:00:00,2631.78,552.83,0.0,173.72,1905.22
2024-02-20 01:00:00,2650.78,572.94,75.17,170.32,1832.35
2024-02-20 02:00:00,2548.51,596.64,2.96,175.11,1773.8
2024-02-20 03:00:00,2816.0,652.02,25.39,164.25,1974.34
2024-02-20 04:00:00,2631.92,628.51,30.14,164.53,1808.74
2024-02-20 05:00:00,2771.03,723.52,0.0,164.76,1882.75
2024-02-20 06:00:00,2789.91,621.48,0.0,163.42,2005.01
2024-02-20 07:00:00,2767.6,647.08,3.69,167.43,1949.39
2024-02-20 08:00:00,2735.51,636.94,121.36,165.95,1811.26
2024-02-20 09:00:00,2781.42,651.05,107.73,168.12,1854.52
2024-02-20 10:00:00,2693.74,608.88,156.57,178.18,1750.11
2024-02-20 11:00:00,2687.66,599.67,185.11,176.2,1726.68
2024-02-20 12:00:00,2621.04,547.79,201.72,171.84,1699.69
2024-02-20 13:00:00,2610.12,451.4,176.44,169.5,1812.78
2024-02-20 14:00:00,2498.67,520.99,171.16,163.32,1643.21
2024-02-20 15:00:00,2431.4,419.41,146.7,167.66,1697.62
2024-02-20 16:00:00,2421.47,475.92,74.56,174.64,1696.35
2024-02-20 17:00:00,2298.93,378.35,52.39,177.07,1691.12
2024-02-20 18:00:00,2336.41,315.84,35.32,164.79,1820.47
2024-02-20 19:00:00,2346.09,355.32,5.17,181.56,1804.04
2024-02-20 20:00:00,2363.86,411.5,0.0,165.33,1787.03
2024-02-20 21:00:00,2421.96,471.81,0.0,166.76,1783.38
2024-02-20 22:00:00,2390.31,452.45,27.24,178.89,1731.73
2024-02-20 23:00:00,2532.82,581.42,0.0,168.56,1782.83
2024-02-21 00:00:00,2631.82,507.28,0.0,171.94,1952.6
2024-02-21 01:00:00,2669.95,558.84,19.68,170.39,1921.05
2024-02-21 02:00:00,2718.37,612.88,0.0,161.93,1943.56
2024-02-21 03:00:00,2756.79,533.36,0.0,168.05,2055.38
2024-02-21 04:00:00,2889.11,621.49,0.0,176.58,2091.04
2024-02-21 05:00:00,2796.01,659.55,0.0,162.84,1973.62
2024-02-21 06:00:00,2815.7,817.47,0.0,167.21,1831.02
2024-02-21 07:00:00,2809.73,636.21,71.82,169.56,1932.14
2024-02-21 08:00:00,2744.89,595.37,102.9,166.14,1880.47
2024-02-21 09:00:00,2726.67,597.77,151.28,170.49,1807.13
2024-02-21 10:00:00,2588.12,480.32,185.59,178.27,1743.94
2024-02-21 11:00:00,2771.77,689.27,192.03,166.97,1723.5
2024-02-21 12:00:00,2530.91,673.43,226.78,172.06,1458.64
2024-02-21 13:00:00,2494.76,511.24,188.53,172.77,1622.22
2024-02-21 14:00:00,2576.57,397.45,179.39,176.79,1822.94
2024-02-21 15:00:00,2489.46,491.99,136.79,172.45,1688.23
2024-02-21 16:00:00,2445.53,487.02,95.63,169.57,1693.31
2024-02-21 17:00:00,2449.67,360.39,30.4,177.96,1880.92
2024-02-21 18:00:00,2465.02,369.33,0.0,174.02,1921.67
2024-02-21 19:00:00,2438.7,436.88,0.0,161.82,1840.0
2024-02-21 20:00:00,2456.77,377.34,56.5,173.66,1849.27
2024-02-21 21:00:00,2435.83,389.13,0.0,170.87,1875.82
2024-02-21 22:00:00,2558.56,526.21,26.01,158.83,1847.51
2024-02-21 23:00:00,2564.71,595.41,3.04,176.42,1789.84
2024-02-22 00:00:00,2464.81,581.13,21.74,172.86,1689.09
2024-02-22 01:00:00,2655.62,564.25,0.0,171.61,1919.76
2024-02-22 02:00:00,2572.53,606.43,3.12,168.74,1794.24
2024-02-22 03:00:00,2755.36,686.5,0.0,161.51,1907.34
2024-02-22 04:00:00,2708.55,628.64,0.0,177.06,1902.85
2024-02-22 05:00:00,2730.89,586.13,0.0,166.33,1978.43
2024-02-22 06:00:00,2743.91,734.72,0.0,181.5,1827.69
2024-02-22 07:00:00,2664.79,619.38,48.93,177.14,1819.34
2024-02-22 08:00:00,2691.52,721.67,93.54,172.7,1703.59
2024-02-22 09:00:00,2676.71,709.89,169.54,169.05,1628.23
2024-02-22 10:00:00,2581.05,668.65,195.67,174.91,1541.82
2024-02-22 11:00:00,2525.47,583.9,159.81,177.21,1604.54
2024-02-22 12:00:00,2524.83,527.76,190.05,160.93,1646.1
2024-02-22 13:00:00,2423.76,519.96,164.0,179.79,1560.0
2024-02-22 14:00:00,2446.41,424.55,206.85,175.57,1639.43
2024-02-22 15:00:00,2372.24,473.37,163.66,157.45,1577.77
2024-02-22 16:00:00,2327.75,346.46,71.62,174.39,1735.27
2024-02-22 17:00:00,2370.54,362.06,53.68,170.06,1784.74
2024-02-22 18:00:00,2245.14,422.59,24.45,169.25,1628.84
2024-02-22 19:00:00,2312.54,404.97,0.0,175.88,1731.69
2024-02-22 20:00:00,2234.23,455.3,0.0,175.42,1603.51
2024-02-22 21:00:00,2321.99,413.67,0.0,170.15,1738.16
2024-02-22 22:00:00,2499.73,480.06,0.0,168.75,1850.93
2024-02-22 23:00:00,2371.55,589.56,0.0,167.58,1614.41
2024-02-23 00:00:00,2484.52,481.01,7.8,169.97,1825.74
2024-02-23 01:00:00,2498.08,534.42,11.6,170.56,1781.51
2024-02-23 02:00:00,2495.52,592.35,0.0,167.51,1735.66
2024-02-23 03:00:00,2505.34,756.92,0.0,161.97,1586.45
2024-02-23 04:00:00,2565.6,717.18,0.0,167.02,1681.4
2024-02-23 05:00:00,2582.28,801.5,20.78,163.39,1596.61
2024-02-23 06:00:00,2657.01,701.98,0.0,169.05,1785.98
2024-02-23 07:00:00,2645.84,690.85,44.32,169.03,1741.63
2024-02-23 08:00:00,2570.68,661.25,80.23,171.57,1657.64
2024-02-23 09:00:00,2515.0,513.88,144.3,158.1,1698.72
2024-02-23 10:00:00,2577.79,632.3,217.84,167.98,1559.67
2024-02-23 11:00:00,2477.32,508.84,228.29,170.83,1569.36
2024-02-23 12:00:00,2403.22,622.57,177.31,163.73,1439.62
2024-02-23 13:00:00,2308.67,432.36,220.05,163.69,1492.57
2024-02-23 14:00:00,2321.96,349.97,172.23,161.99,1637.78
2024-02-23 15:00:00,2305.54,383.95,175.5,165.24,1580.85
2024-02-23 16:00:00,2178.08,427.02,88.42,165.97,1496.68
2024-02-23 17:00:00,2223.83,403.45,25.95,175.93,1618.5
2024-02-23 18:00:00,2082.88,263.52,3.95,183.99,1631.42
2024-02-23 19:00:00,2288.24,445.08,9.26,162.62,1671.28
2024-02-23 20:00:00,2238.45,435.42,14.41,168.98,1619.64
2024-02-23 21:00:00,2328.37,562.47,7.57,168.01,1590.32
2024-02-23 22:00:00,2302.91,559.96,0.0,167.8,1575.15
2024-02-23 23:00:00,2366.19,473.72,0.0,165.55,1726.92
2024-02-24 00:00:00,2292.36,521.16,5.01,171.59,1594.59
2024-02-24 01:00:00,2302.17,605.8,0.31,172.97,1523.08
2024-02-24 02:00:00,2402.45,555.35,0.0,168.88,1678.22
2024-02-24 03:00:00,2487.05,719.45,18.94,163.66,1585.0
2024-02-24 04:00:00,2567.25,617.01,0.0,173.18,1777.06
2024-02-24 05:00:00,2491.56,641.07,9.25,163.74,1677.5
2024-02-24 06:00:00,2477.74,747.11,0.0,167.08,1563.55
2024-02-24 07:00:00,2528.82,700.6,75.89,160.49,1591.84
2024-02-24 08:00:00,2461.49,633.46,106.63,167.28,1554.12
2024-02-24 09:00:00,2411.39,606.48,138.24,178.27,1488.39
2024-02-24 10:00:00,2409.04,654.31,165.05,164.77,1424.92
2024-02-24 11:00:00,2467.56,562.92,197.78,166.99,1539.88
2024-02-24 12:00:00,2361.5,431.3,202.37,177.4,1550.43
2024-02-24 13:00:00,2263.8,416.65,183.14,178.89,1485.13
2024-02-24 14:00:00,2173.64,478.32,170.01,170.64,1354.68
2024-02-24 15:00:00,2185.29,386.18,134.86,167.44,1496.81
2024-02-24 16:00:00,2184.67,310.77,98.61,164.53,1610.76
2024-02-24 17:00:00,2109.37,410.68,51.59,169.68,1477.42
2024-02-24 18:00:00,2131.45,372.28,8.08,174.67,1576.42
2024-02-24 19:00:00,2088.54,374.33,10.79,167.06,1536.36
2024-02-24 20:00:00,2155.7,419.13,5.73,172.4,1558.45
2024-02-24 21:00:00,2144.41,540.38,6.68,169.51,1427.84
2024-02-24 22:00:00,2264.83,442.4,0.0,166.6,1655.84
2024-02-24 23:00:00,2265.0,610.5,31.3,173.7,1449.49
2024-02-25 00:00:00,2338.82,543.22,4.21,178.93,1612.46
2024-02-25 01:00:00,2336.2,549.45,0.0,168.58,1618.17
2024-02-25 02:00:00,2475.68,686.65,13.58,168.32,1607.13
2024-02-25 03:00:00,2496.22,727.14,0.0,167.23,1601.85
2024-02-25 04:00:00,2449.93,698.44,22.42,177.42,1551.65
2024-02-25 05:00:00,2500.58,689.65,0.0,170.06,1640.87
2024-02-25 06:00:00,2532.75,571.18,20.86,164.29,1776.42
2024-02-25 07:00:00,2536.57,727.12,34.3,167.74,1607.41
2024-02-25 08:00:00,2474.63,660.14,52.11,165.78,1596.6
2024-02-25 09:00:00,2403.3,689.38,134.46,166.33,1413.14
2024-02-25 10:00:00,2373.19,621.01,176.18,163.01,1412.99
2024-02-25 11:00:00,2421.86,574.15,217.21,171.18,1459.31
2024-02-25 12:00:00,2418.27,562.08,199.06,164.82,1492.31
2024-02-25 13:00:00,2318.06,542.35,192.79,163.84,1419.09
2024-02-25 14:00:00,2265.43,462.84,172.6,164.49,1465.5
2024-02-25 15:00:00,2293.48,478.87,136.57,165.89,1512.15
2024-02-25 16:00:00,2142.33,426.72,83.48,164.91,1467.21
2024-02-25 17:00:00,2095.31,321.89,54.61,168.5,1550.31
2024-02-25 18:00:00,2162.68,382.3,0.0,178.13,1602.25
2024-02-25 19:00:00,2134.44,367.3,9.29,170.29,1587.56
2024-02-25 20:00:00,2150.34,403.9,0.0,171.81,1574.63
2024-02-25 21:00:00,2135.38,417.82,0.0,161.19,1556.38
2024-02-25 22:00:00,2262.83,476.05,7.22,164.47,1615.08
2024-02-25 23:00:00,2205.77,468.24,0.0,159.44,1578.09
2024-02-26 00:00:00,2512.73,623.06,12.15,162.84,1714.67
2024-02-26 01:00:00,2543.19,490.54,0.0,167.62,1885.03
2024-02-26 02:00:00,2561.37,611.68,0.0,158.35,1791.33
2024-02-26 03:00:00,2554.07,495.1,0.0,168.51,1890.46
2024-02-26 04:00:00,2569.43,702.11,0.0,169.17,1698.15
2024-02-26 05:00:00,2633.81,732.44,0.0,172.03,1729.34
2024-02-26 06:00:00,2578.93,643.64,0.0,175.47,1759.82
2024-02-26 07:00:00,2627.41,728.74,61.91,172.19,1664.57
2024-02-26 08:00:00,2689.95,624.94,100.48,173.59,1790.95
2024-02-26 09:00:00,2629.53,667.62,175.54,178.38,1607.98
2024-02-26 10:00:00,2559.3,634.95,179.52,174.31,1570.52
2024-02-26 11:00:00,2478.98,605.35,192.76,164.87,1515.99
2024-02-26 12:00:00,2487.74,498.07,173.47,177.47,1638.72
2024-02-26 13:00:00,2354.31,583.86,225.54,163.45,1381.46
2024-02-26 14:00:00,2354.3,475.43,138.16,166.26,1574.44
2024-02-26 15:00:00,2338.28,407.1,127.09,167.19,1636.89
2024-02-26 16:00:00,2283.25,512.29,84.6,172.21,1514.16
2024-02-26 17:00:00,2219.67,350.07,48.91,175.09,1645.6
2024-02-26 18:00:00,2255.0,374.59,1.05,177.52,1701.84
2024-02-26 19:00:00,2226.58,447.77,0.0,171.58,1607.23
2024-02-26 20:00:00,2269.0,460.03,11.57,174.39,1623.02
2024-02-26 21:00:00,2318.55,532.03,14.18,170.42,1601.92
2024-02-26 22:00:00,2352.58,409.68,0.0,172.54,1770.35
2024-02-26 23:00:00,2487.06,483.75,0.0,173.45,1829.86
2024-02-27 00:00:00,2591.43,620.61,10.86,167.74,1792.21
2024-02-27 01:00:00,2655.67,674.42,6.06,171.25,1803.94
2024-02-27 02:00:00,2677.58,605.68,0.0,166.69,1905.21
2024-02-27 03:00:00,2721.44,659.71,0.0,164.86,1896.88
2024-02-27 04:00:00,2803.39,552.98,0.0,174.29,2076.12
2024-02-27 05:00:00,2748.91,639.44,19.59,166.2,1923.68
2024-02-27 06:00:00,2814.24,773.5,14.49,175.54,1850.7
2024-02-27 07:00:00,2804.16,779.78,23.75,167.04,1833.59
2024-02-27 08:00:00,2674.94,704.99,90.7,173.62,1705.63
2024-02-27 09:00:00,2781.67,660.79,133.77,165.93,1821.18
2024-02-27 10:00:00,2609.07,638.49,174.17,174.35,1622.06
2024-02-27 11:00:00,2663.81,581.63,180.93,166.77,1734.48
2024-02-27 12:00:00,2612.04,581.91,182.52,170.17,1677.44
2024-02-27 13:00:00,2423.75,557.53,180.48,174.48,1511.26
2024-02-27 14:00:00,2454.81,516.81,167.73,165.25,1605.02
2024-02-27 15:00:00,2457.64,339.33,123.91,168.32,1826.08
2024-02-27 16:00:00,2328.59,421.54,94.33,170.29,1642.43
2024-02-27 17:00:00,2306.18,327.89,10.47,160.7,1807.12
2024-02-27 18:00:00,2356.53,504.31,26.77,173.77,1651.68
2024-02-27 19:00:00,2404.09,439.64,18.17,172.83,1773.45
2024-02-27 20:00:00,2409.93,431.79,0.0,169.76,1808.38
2024-02-27 21:00:00,2377.76,441.83,23.15,169.58,1743.19
2024-02-27 22:00:00,2476.82,509.36,0.0,167.62,1799.84
2024-02-27 23:00:00,2456.96,483.84,37.06,170.21,1765.85
2024-02-28 00:00:00,2546.97,523.05,58.23,162.8,1802.89
2024-02-28 01:00:00,2649.22,632.68,0.0,170.45,1846.09
2024-02-28 02:00:00,2753.43,623.42,16.99,172.49,1940.53
2024-02-28 03:00:00,2711.84,600.08,9.1,168.42,1934.24
2024-02-28 04:00:00,2735.73,707.3,0.0,175.72,1852.71
2024-02-28 05:00:00,2833.73,675.67,0.0,169.56,1988.5
2024-02-28 06:00:00,2803.53,644.07,0.0,168.04,1991.43
2024-02-28 07:00:00,2785.04,641.06,75.65,170.93,1897.4
2024-02-28 08:00:00,2674.46,638.73,105.51,170.32,1759.9
2024-02-28 09:00:00,2756.76,646.01,129.48,175.53,1805.75
2024-02-28 10:00:00,2725.68,676.34,147.36,164.94,1737.03
2024-02-28 11:00:00,2603.56,658.57,199.89,166.28,1578.82
2024-02-28 12:00:00,2628.54,575.92,199.6,173.37,1679.65
2024-02-28 13:00:00,2599.79,526.48,191.94,172.81,1708.56
2024-02-28 14:00:00,2497.79,479.93,191.33,173.56,1652.97
2024-02-28 15:00:00,2450.65,364.66,115.98,157.16,1812.86
2024-02-28 16:00:00,2433.83,468.03,88.54,171.72,1705.55
2024-02-28 17:00:00,2425.45,351.33,71.05,164.57,1838.51
2024-02-28 18:00:00,2375.53,473.52,17.92,164.4,1719.69
2024-02-28 19:00:00,2440.79,469.95,52.82,162.07,1755.96
2024-02-28 20:00:00,2414.21,430.93,8.16,171.59,1803.53
2024-02-28 21:00:00,2419.81,445.88,0.96,178.64,1794.34
2024-02-28 22:00:00,2574.34,453.8,31.71,177.98,1910.85
2024-02-28 23:00:00,2621.45,480.89,0.0,170.66,1969.9
2024-02-29 00:00:00,2521.91,448.56,22.06,166.04,1885.24
2024-02-29 01:00:00,2533.43,604.11,0.24,168.51,1760.57
2024-02-29 02:00:00,2566.24,588.48,0.0,161.91,1815.85
2024-02-29 03:00:00,2618.73,717.01,3.45,165.63,1732.65
2024-02-29 04:00:00,2607.05,647.89,25.73,170.51,1762.93
2024-02-29 05:00:00,2681.82,705.85,0.0,172.8,1803.17
2024-02-29 06:00:00,2705.62,732.0,0.0,175.02,1798.6
2024-02-29 07:00:00,2714.56,695.32,37.08,170.16,1812.0
2024-02-29 08:00:00,2657.59,590.41,105.68,170.01,1791.5
2024-02-29 09:00:00,2601.44,551.46,141.91,171.26,1736.81
2024-02-29 10:00:00,2660.03,717.53,178.14,166.32,1598.05
2024-02-29 11:00:00,2617.85,626.33,202.28,169.52,1619.72
2024-02-29 12:00:00,2457.72,631.06,177.92,162.95,1485.8
2024-02-29 13:00:00,2462.75,530.25,180.89,172.98,1578.63
2024-02-29 14:00:00,2410.63,467.95,201.84,167.83,1573.01
2024-02-29 15:00:00,2417.95,533.43,133.69,166.02,1584.82
2024-02-29 16:00:00,2323.31,402.12,90.28,174.57,1656.35
2024-02-29 17:00:00,2256.02,432.32,66.34,171.87,1585.49
2024-02-29 18:00:00,2325.74,398.74,0.0,163.78,1763.21
2024-02-29 19:00:00,2267.37,397.31,22.12,172.77,1675.17
2024-02-29 20:00:00,2392.0,212.52,0.0,162.56,2016.92
2024-02-29 21:00:00,2336.99,498.81,12.67,162.67,1662.84
2024-02-29 22:00:00,2325.48,473.34,12.04,171.33,1668.77
2024-02-29 23:00:00,2470.87,455.8,0.0,160.51,1854.56
